<?xml version="1.0" encoding="UTF-8"?><CodeSystem xmlns="http://hl7.org/fhir"><id value="meuhedet-lab-result-code"/><text><status value="generated"/><div xmlns="http://www.w3.org/1999/xhtml"><p>This case-insensitive code system <code>http://fhir.meuhedet.co.il/code/lab-result</code> provides <b>a fragment</b> that includes following codes:</p><table class="codes"><tr><td style="white-space:nowrap"><b>Code</b></td><td><b>Display</b></td></tr><tr><td style="white-space:nowrap">600<a name="meuhedet-lab-result-code-600"> </a></td><td>CBC</td></tr><tr><td style="white-space:nowrap">624<a name="meuhedet-lab-result-code-624"> </a></td><td>PT</td></tr></table></div></text><url value="http://fhir.meuhedet.co.il/code/lab-result"/><version value="0.1.0"/><name value="MeuhedetLabResultCode"/><title value="Meuhedet Lab Result Code"/><status value="draft"/><experimental value="false"/><date value="2024-03-03T08:59:15+02:00"/><publisher value="Outburn LTD."/><contact><name value="Outburn LTD."/><telecom><system value="url"/><value value="http://outburn.co.il"/></telecom></contact><description value="List of Lab result codes for Meuhadet HMO"/><caseSensitive value="false"/><content value="fragment"/><count value="2"/><concept><code value="600"/><display value="CBC"/></concept><concept><code value="624"/><display value="PT"/></concept></CodeSystem>