<?xml version="1.0" encoding="UTF-8"?><ValueSet xmlns="http://hl7.org/fhir"><id value="lrc-referral-codes"/><text><status value="generated"/><div xmlns="http://www.w3.org/1999/xhtml"><ul><li>Include these codes as defined in <a href="http://loinc.org"><code>http://loinc.org</code></a><table class="none"><tr><td style="white-space:nowrap"><b>Code</b></td><td><b>Display</b></td></tr><tr><td><a href="https://loinc.org/57021-8/">57021-8</a></td><td>CBC W Auto Differential panel (Bld)</td></tr><tr><td><a href="https://loinc.org/2160-0/">2160-0</a></td><td>Creatinine [Mass/volume] in Serum or Plasma</td></tr><tr><td><a href="https://loinc.org/3094-0/">3094-0</a></td><td>Urea nitrogen [Mass/volume] in Serum or Plasma</td></tr><tr><td><a href="https://loinc.org/2951-2/">2951-2</a></td><td>Sodium [Moles/volume] in Serum or Plasma</td></tr><tr><td><a href="https://loinc.org/2823-3/">2823-3</a></td><td>Potassium [Moles/volume] in Serum or Plasma</td></tr><tr><td><a href="https://loinc.org/17861-6/">17861-6</a></td><td>Calcium [Mass/volume] in Serum or Plasma</td></tr><tr><td><a href="https://loinc.org/19123-9/">19123-9</a></td><td>Magnesium [Mass/volume] in Serum or Plasma</td></tr><tr><td><a href="https://loinc.org/2345-7/">2345-7</a></td><td>Glucose [Mass/volume] in Serum or Plasma</td></tr><tr><td><a href="https://loinc.org/1751-7/">1751-7</a></td><td>Albumin [Mass/volume] in Serum or Plasma</td></tr><tr><td><a href="https://loinc.org/1975-2/">1975-2</a></td><td>Bilirubin.total [Mass/volume] in Serum or Plasma</td></tr><tr><td><a href="https://loinc.org/1920-8/">1920-8</a></td><td>Aspartate aminotransferase [Enzymatic activity/volume] in Serum or Plasma</td></tr><tr><td><a href="https://loinc.org/1742-6/">1742-6</a></td><td>Alanine aminotransferase [Enzymatic activity/volume] in Serum or Plasma</td></tr><tr><td><a href="https://loinc.org/2537-9/">2537-9</a></td><td>Lactate dehydrogenase 1 [Enzymatic activity/volume] in Serum or Plasma</td></tr><tr><td><a href="https://loinc.org/6768-6/">6768-6</a></td><td>Alkaline phosphatase [Enzymatic activity/volume] in Serum or Plasma</td></tr><tr><td><a href="https://loinc.org/3016-3/">3016-3</a></td><td>Thyrotropin [Units/volume] in Serum or Plasma.</td></tr><tr><td><a href="https://loinc.org/14920-3/">14920-3</a></td><td>Thyroxine (T4) free [Moles/volume] in Serum or Plasma</td></tr><tr><td><a href="https://loinc.org/14928-6/">14928-6</a></td><td>Triiodothyronine (T3) Free [Moles/volume] in Serum or Plasma</td></tr><tr><td><a href="https://loinc.org/5894-1/">5894-1</a></td><td>Prothrombin time (PT) actual/Normal</td></tr></table></li></ul></div></text><url value="http://outburn.co.il/fhir/oncology/ValueSet/lrc-referral-codes"/><version value="0.1.0"/><name value="LrcReferralCodes"/><title value="Lrc Referral Codes"/><status value="draft"/><experimental value="false"/><date value="2024-02-27T18:05:15+02:00"/><publisher value="Outburn LTD."/><contact><name value="Outburn LTD."/><telecom><system value="url"/><value value="http://outburn.co.il"/></telecom></contact><description value="רשימת קודי Loinc לייצוג קודי הפניות."/><compose><include><system value="http://loinc.org"/><concept><code value="57021-8"/><display value="CBC W Auto Differential panel (Bld)"/></concept><concept><code value="2160-0"/><display value="Creatinine [Mass/volume] in Serum or Plasma"/></concept><concept><code value="3094-0"/><display value="Urea nitrogen [Mass/volume] in Serum or Plasma"/></concept><concept><code value="2951-2"/><display value="Sodium [Moles/volume] in Serum or Plasma"/></concept><concept><code value="2823-3"/><display value="Potassium [Moles/volume] in Serum or Plasma"/></concept><concept><code value="17861-6"/><display value="Calcium [Mass/volume] in Serum or Plasma"/></concept><concept><code value="19123-9"/><display value="Magnesium [Mass/volume] in Serum or Plasma"/></concept><concept><code value="2345-7"/><display value="Glucose [Mass/volume] in Serum or Plasma"/></concept><concept><code value="1751-7"/><display value="Albumin [Mass/volume] in Serum or Plasma"/></concept><concept><code value="1975-2"/><display value="Bilirubin.total [Mass/volume] in Serum or Plasma"/></concept><concept><code value="1920-8"/><display value="Aspartate aminotransferase [Enzymatic activity/volume] in Serum or Plasma"/></concept><concept><code value="1742-6"/><display value="Alanine aminotransferase [Enzymatic activity/volume] in Serum or Plasma"/></concept><concept><code value="2537-9"/><display value="Lactate dehydrogenase 1 [Enzymatic activity/volume] in Serum or Plasma"/></concept><concept><code value="6768-6"/><display value="Alkaline phosphatase [Enzymatic activity/volume] in Serum or Plasma"/></concept><concept><code value="3016-3"/><display value="Thyrotropin [Units/volume] in Serum or Plasma."/></concept><concept><code value="14920-3"/><display value="Thyroxine (T4) free [Moles/volume] in Serum or Plasma"/></concept><concept><code value="14928-6"/><display value="Triiodothyronine (T3) Free [Moles/volume] in Serum or Plasma"/></concept><concept><code value="5894-1"/><display value="Prothrombin time (PT) actual/Normal"/></concept></include></compose></ValueSet>