<?xml version="1.0" encoding="UTF-8"?><ValueSet xmlns="http://hl7.org/fhir"><id value="lrc-panel-result-codes"/><text><status value="generated"/><div xmlns="http://www.w3.org/1999/xhtml"><ul><li>Include these codes as defined in <a href="http://loinc.org"><code>http://loinc.org</code></a><table class="none"><tr><td style="white-space:nowrap"><b>Code</b></td><td><b>Display</b></td></tr><tr><td><a href="https://loinc.org/57021-8/">57021-8</a></td><td>CBC W Auto Differential panel - Blood</td></tr><tr><td><a href="https://loinc.org/5894-1/">5894-1</a></td><td>Prothrombin time (PT) actual/Normal</td></tr></table></li></ul></div></text><url value="http://outburn.co.il/fhir/oncology/ValueSet/lrc-panel-result-codes"/><version value="0.1.0"/><name value="LrcPanelResultCodes"/><title value="Lrc Panel Result Codes"/><status value="draft"/><experimental value="false"/><date value="2024-02-27T18:05:15+02:00"/><publisher value="Outburn LTD."/><contact><name value="Outburn LTD."/><telecom><system value="url"/><value value="http://outburn.co.il"/></telecom></contact><description value="רשימת קודי Loinc לייצוג קודי פאנל, עבור התוצאות."/><compose><include><system value="http://loinc.org"/><concept><code value="57021-8"/><display value="CBC W Auto Differential panel - Blood"/></concept><concept><code value="5894-1"/><display value="Prothrombin time (PT) actual/Normal"/></concept></include></compose></ValueSet>