<?xml version="1.0" encoding="UTF-8"?>

<CodeSystem xmlns="http://hl7.org/fhir">
  <id value="meuhedet-lab-result-code"/>
  <text>
    <status value="generated"/><div xmlns="http://www.w3.org/1999/xhtml"><p>This case-insensitive code system <code>http://ig.fhir-il-community.org/LRC/CodeSystem/meuhedet-lab-result-code</code> defines the following codes:</p><table class="codes"><tr><td style="white-space:nowrap"><b>Code</b></td><td><b>Display</b></td></tr><tr><td style="white-space:nowrap">600<a name="meuhedet-lab-result-code-600"> </a></td><td>CBC</td></tr><tr><td style="white-space:nowrap">624<a name="meuhedet-lab-result-code-624"> </a></td><td>PT</td></tr></table></div>
  </text>
  <url value="http://ig.fhir-il-community.org/LRC/CodeSystem/meuhedet-lab-result-code"/>
  <version value="1.0.0"/>
  <name value="MeuhedetLabResultCode"/>
  <title value="Meuhedet Lab Result Code"/>
  <status value="draft"/>
  <experimental value="false"/>
  <date value="2024-03-04T15:01:53+02:00"/>
  <publisher value="FHIR-il community"/>
  <contact>
    <name value="FHIR-il community"/>
    <telecom>
      <system value="url"/>
      <value value="http://ig.fhir-il-community.org"/>
    </telecom>
  </contact>
  <description value="List of Lab result codes for Meuhadet HMO"/>
  <caseSensitive value="false"/>
  <content value="complete"/>
  <count value="2"/>
  <concept>
    <code value="600"/>
    <display value="CBC"/>
  </concept>
  <concept>
    <code value="624"/>
    <display value="PT"/>
  </concept>
</CodeSystem>