<?xml version="1.0" encoding="UTF-8"?>

<Observation xmlns="http://hl7.org/fhir">
  <id value="4015"/>
  <meta>
    <versionId value="2"/>
    <lastUpdated value="2023-08-27T09:39:46.233+00:00"/>
    <source value="#tnJ7qa6sjx4e7A1m"/>
    <profile value="http://outburn.co.il/fhir/oncology/StructureDefinition/lrc-panel-lab-test-result"/>
  </meta>
  <text>
    <status value="generated"/><div xmlns="http://www.w3.org/1999/xhtml"><p><b>Generated Narrative: Observation</b><a name="4015"> </a></p><div style="display: inline-block; background-color: #d9e0e7; padding: 6px; margin: 4px; border: 1px solid #8da1b4; border-radius: 5px; line-height: 60%"><p style="margin-bottom: 0px">Resource Observation &quot;4015&quot; Version &quot;2&quot; Updated &quot;2023-08-27 09:39:46+0000&quot; </p><p style="margin-bottom: 0px">Information Source: #tnJ7qa6sjx4e7A1m!</p><p style="margin-bottom: 0px">Profile: <a href="StructureDefinition-lrc-panel-result.html">Lrc Panel Lab Test Result</a></p></div><p><b>identifier</b>: <code>http://fhir.meuhedet.co.il/identifier/profile-lab-result</code>/1304421043-20230517-600-3231</p><p><b>basedOn</b>: <a href="ServiceRequest-4014.html">ServiceRequest/4014</a></p><p><b>status</b>: final</p><p><b>category</b>: Laboratory <span style="background: LightGoldenRodYellow; margin: 4px; border: 1px solid khaki"> (<a href="http://terminology.hl7.org/5.0.0/CodeSystem-observation-category.html">Observation Category Codes</a>#laboratory)</span></p><p><b>code</b>: CBC <span style="background: LightGoldenRodYellow; margin: 4px; border: 1px solid khaki"> (<a href="https://loinc.org/">LOINC</a>#57021-8 &quot;CBC W Auto Differential panel - Blood&quot;; <a href="CodeSystem-meuhedet-lab-result-code.html">Meuhedet Lab Result Code</a>#600)</span></p><p><b>subject</b>: <a href="https://simplifier.net/resolve?scope=il.core.fhir.r4@0.13.2&amp;canonical=http://fhir.health.gov.il/Patient/90">Patient/90</a></p><p><b>effective</b>: 2023-08-02 13:15:32+0300</p><p><b>issued</b>: May 17, 2023, 9:31:19 AM</p><p><b>performer</b>: <span>: קופת חולים מאוחדת</span></p><p><b>hasMember</b>: </p><ul><li><span><code>http://fhir.meuhedet.co.il/identifier/lab-result</code>/CBC-1001</span></li><li><span><code>http://fhir.meuhedet.co.il/identifier/lab-result</code>/CBC-1002</span></li><li><span><code>http://fhir.meuhedet.co.il/identifier/lab-result</code>/CBC-1003</span></li><li><span><code>http://fhir.meuhedet.co.il/identifier/lab-result</code>/CBC-1004</span></li></ul></div>
  </text>
  <identifier>
    <system value="http://fhir.meuhedet.co.il/identifier/profile-lab-result"/>
    <value value="1304421043-20230517-600-3231"/>
  </identifier>
  <basedOn>
    <reference value="ServiceRequest/4014"/>
    <type value="ServiceRequest"/>
  </basedOn>
  <status value="final"/>
  <category>
    <coding>
      <system value="http://terminology.hl7.org/CodeSystem/observation-category"/>
      <code value="laboratory"/>
      <display value="Laboratory"/>
    </coding>
  </category>
  <code>
    <coding>
      <system value="http://loinc.org"/>
      <code value="57021-8"/>
      <display value="CBC W Auto Differential panel - Blood"/>
    </coding>
    <coding>
      <system value="http://fhir.meuhedet.co.il/code/lab-result"/>
      <code value="600"/>
      <display value="CBC"/>
    </coding>
    <text value="CBC"/>
  </code>
  <subject>
    <reference value="Patient/90"/>
    <type value="Patient"/>
    <identifier>
      <system value="http://fhir.health.gov.il/identifier/il-national-id"/>
      <value value="000000018"/>
    </identifier>
  </subject>
  <effectiveDateTime value="2023-08-02T13:15:32+03:00"/>
  <issued value="2023-05-17T09:31:19.773+03:00"/>
  <performer>
    <type value="Organization"/>
    <identifier>
      <system value="http://fhir.meuhedet.co.il/laboratories"/>
      <value value="73D01"/>
    </identifier>
    <display value="קופת חולים מאוחדת"/>
  </performer>
  <hasMember>
    <type value="Observation"/>
    <identifier>
      <system value="http://fhir.meuhedet.co.il/identifier/lab-result"/>
      <value value="CBC-1001"/>
    </identifier>
  </hasMember>
  <hasMember>
    <type value="Observation"/>
    <identifier>
      <system value="http://fhir.meuhedet.co.il/identifier/lab-result"/>
      <value value="CBC-1002"/>
    </identifier>
  </hasMember>
  <hasMember>
    <type value="Observation"/>
    <identifier>
      <system value="http://fhir.meuhedet.co.il/identifier/lab-result"/>
      <value value="CBC-1003"/>
    </identifier>
  </hasMember>
  <hasMember>
    <type value="Observation"/>
    <identifier>
      <system value="http://fhir.meuhedet.co.il/identifier/lab-result"/>
      <value value="CBC-1004"/>
    </identifier>
  </hasMember>
</Observation>