<?xml version="1.0" encoding="UTF-8"?>

<Observation xmlns="http://hl7.org/fhir">
  <id value="3913"/>
  <meta>
    <versionId value="7"/>
    <lastUpdated value="2023-10-04T09:27:05.999+00:00"/>
    <source value="#CXTriCjJj443IxeB"/>
    <profile value="http://outburn.co.il/fhir/oncology/StructureDefinition/lrc-onco-result"/>
  </meta>
  <text>
    <status value="generated"/><div xmlns="http://www.w3.org/1999/xhtml"><p><b>Generated Narrative: Observation</b><a name="3913"> </a></p><div style="display: inline-block; background-color: #d9e0e7; padding: 6px; margin: 4px; border: 1px solid #8da1b4; border-radius: 5px; line-height: 60%"><p style="margin-bottom: 0px">Resource Observation &quot;3913&quot; Version &quot;7&quot; Updated &quot;2023-10-04 09:27:05+0000&quot; </p><p style="margin-bottom: 0px">Information Source: #CXTriCjJj443IxeB!</p><p style="margin-bottom: 0px">Profile: <a href="StructureDefinition-lrc-result.html">Lrc Test Result</a></p></div><p><b>identifier</b>: id: 1121991-20230403-100-733-1</p><p><b>basedOn</b>: <a href="ServiceRequest-3906.html">ServiceRequest/3906</a></p><p><b>status</b>: final</p><p><b>category</b>: Laboratory <span style="background: LightGoldenRodYellow; margin: 4px; border: 1px solid khaki"> (<a href="http://terminology.hl7.org/5.0.0/CodeSystem-observation-category.html">Observation Category Codes</a>#laboratory)</span></p><p><b>code</b>: Glucose <span style="background: LightGoldenRodYellow; margin: 4px; border: 1px solid khaki"> (<a href="https://loinc.org/">LOINC</a>#2345-7 &quot;Glucose [Mass/volume] in Serum or Plasma&quot;)</span></p><p><b>subject</b>: <a href="https://simplifier.net/resolve?scope=il.core.fhir.r4@0.13.2&amp;canonical=http://fhir.health.gov.il/Patient/90">Patient/90</a></p><p><b>effective</b>: 2023-04-03 11:32:38+0300</p><p><b>issued</b>: Apr 3, 2023, 11:37:58 AM</p><p><b>performer</b>: <span>: קופת חולים מאוחדת</span></p><p><b>value</b>: 84 MG/DL<span style="background: LightGoldenRodYellow"> (Details: UCUM code Mg/dl = 'Mg/dl')</span></p><h3>ReferenceRanges</h3><table class="grid"><tr><td style="display: none">-</td><td><b>Low</b></td><td><b>High</b></td></tr><tr><td style="display: none">*</td><td>65 Mg/dl<span style="background: LightGoldenRodYellow"> (Details: UCUM code Mg/dl = 'Mg/dl')</span></td><td>100 Mg/dl<span style="background: LightGoldenRodYellow"> (Details: UCUM code Mg/dl = 'Mg/dl')</span></td></tr></table><blockquote><p><b>component</b></p><p><b>code</b>: תוצאת הבדיקה בטקסט חופשי <span style="background: LightGoldenRodYellow; margin: 4px; border: 1px solid khaki"> (<a href="https://browser.ihtsdotools.org/">SNOMED CT</a>#117444000 &quot;Text value&quot;)</span></p><p><b>value</b>: מעל 1.7</p></blockquote><blockquote><p><b>component</b></p><p><b>code</b>: תוצאת הבדיקה בקוד מקומי <span style="background: LightGoldenRodYellow; margin: 4px; border: 1px solid khaki"> (<a href="https://browser.ihtsdotools.org/">SNOMED CT</a>#117362005 &quot;Nominal value&quot;)</span></p><p><b>value</b>: חיובי <span style="background: LightGoldenRodYellow; margin: 4px; border: 1px solid khaki"> (<a href="CodeSystem-meuhedet-lab-result-code.html">Meuhedet Lab Result Code</a>#POS)</span></p></blockquote></div>
  </text>
  <identifier>
    <system value="http://fhir.meuhedet.co.il/identifier/lab-result"/>
    <value value="1121991-20230403-100-733-1"/>
  </identifier>
  <basedOn>
    <reference value="ServiceRequest/3906"/>
    <type value="ServiceRequest"/>
  </basedOn>
  <status value="final"/>
  <category>
    <coding>
      <system value="http://terminology.hl7.org/CodeSystem/observation-category"/>
      <code value="laboratory"/>
      <display value="Laboratory"/>
    </coding>
  </category>
  <code>
    <coding>
      <system value="http://loinc.org"/>
      <code value="2345-7"/>
      <display value="Glucose [Mass/volume] in Serum or Plasma"/>
    </coding>
    <text value="Glucose"/>
  </code>
  <subject>
    <reference value="Patient/90"/>
    <type value="Patient"/>
    <identifier>
      <system value="http://fhir.health.gov.il/identifier/il-national-id"/>
      <value value="000000018"/>
    </identifier>
  </subject>
  <effectiveDateTime value="2023-04-03T11:32:38+03:00"/>
  <issued value="2023-04-03T11:37:58.54+03:00"/>
  <performer>
    <type value="Organization"/>
    <identifier>
      <system value="http://fhir.meuhedet.co.il/laboratories"/>
      <value value="73D01"/>
    </identifier>
    <display value="קופת חולים מאוחדת"/>
  </performer>
  <valueQuantity>
    <value value="84"/>
    <unit value="MG/DL"/>
    <system value="http://unitsofmeasure.org"/>
    <code value="Mg/dl"/>
  </valueQuantity>
  <referenceRange>
    <low>
      <value value="65"/>
      <system value="http://unitsofmeasure.org"/>
      <code value="Mg/dl"/>
    </low>
    <high>
      <value value="100"/>
      <system value="http://unitsofmeasure.org"/>
      <code value="Mg/dl"/>
    </high>
  </referenceRange>
  <component>
    <code>
      <coding>
        <system value="http://snomed.info/sct"/>
        <code value="117444000"/>
        <display value="Text value"/>
      </coding>
      <text value="תוצאת הבדיקה בטקסט חופשי"/>
    </code>
    <valueString value="מעל 1.7"/>
  </component>
  <component>
    <code>
      <coding>
        <system value="http://snomed.info/sct"/>
        <code value="117362005"/>
        <display value="Nominal value"/>
      </coding>
      <text value="תוצאת הבדיקה בקוד מקומי"/>
    </code>
    <valueCodeableConcept>
      <coding>
        <system value="http://fhir.meuhedet.co.il/code/lab-result"/>
        <code value="POS"/>
        <display value="חיובי"/>
      </coding>
    </valueCodeableConcept>
  </component>
</Observation>