<?xml version="1.0" encoding="UTF-8"?>

<Observation xmlns="http://hl7.org/fhir">
  <id value="3915"/>
  <text>
    <status value="generated"/><div xmlns="http://www.w3.org/1999/xhtml"><p><b>Generated Narrative: Observation</b><a name="3915"> </a></p><div style="display: inline-block; background-color: #d9e0e7; padding: 6px; margin: 4px; border: 1px solid #8da1b4; border-radius: 5px; line-height: 60%"><p style="margin-bottom: 0px">Resource Observation &quot;3915&quot; </p></div><p><b>identifier</b>: id: 1121991-20230403-100-733-3</p><p><b>basedOn</b>: <a href="ServiceRequest-3908.html">ServiceRequest/3908</a></p><p><b>status</b>: final</p><p><b>category</b>: Laboratory <span style="background: LightGoldenRodYellow; margin: 4px; border: 1px solid khaki"> (<a href="http://terminology.hl7.org/5.0.0/CodeSystem-observation-category.html">Observation Category Codes</a>#laboratory)</span></p><p><b>code</b>: Calcium-SERUM <span style="background: LightGoldenRodYellow; margin: 4px; border: 1px solid khaki"> (<a href="https://loinc.org/">LOINC</a>#17861-6 &quot;Calcium [Mass/volume] in Serum or Plasma&quot;)</span></p><p><b>subject</b>: <a href="https://simplifier.net/resolve?scope=il.core.fhir.r4@0.13.2&amp;canonical=http://fhir.health.gov.il/Patient/90">Patient/90</a></p><p><b>effective</b>: 2023-04-03 11:32:38+0300</p><p><b>issued</b>: Apr 3, 2023, 11:37:58 AM</p><p><b>performer</b>: <span>: קופת חולים מאוחדת</span></p><p><b>value</b>: 9 MG/DL<span style="background: LightGoldenRodYellow"> (Details: UCUM code Mg/dl = 'Mg/dl')</span></p><h3>ReferenceRanges</h3><table class="grid"><tr><td style="display: none">-</td><td><b>Low</b></td><td><b>High</b></td></tr><tr><td style="display: none">*</td><td>8.8 Mg/dl<span style="background: LightGoldenRodYellow"> (Details: UCUM code Mg/dl = 'Mg/dl')</span></td><td>10.4 Mg/dl<span style="background: LightGoldenRodYellow"> (Details: UCUM code Mg/dl = 'Mg/dl')</span></td></tr></table></div>
  </text>
  <identifier>
    <system value="http://fhir.meuhedet.co.il/identifier/lab-result"/>
    <value value="1121991-20230403-100-733-3"/>
  </identifier>
  <basedOn>
    <reference value="ServiceRequest/3908"/>
  </basedOn>
  <status value="final"/>
  <category>
    <coding>
      <system value="http://terminology.hl7.org/CodeSystem/observation-category"/>
      <code value="laboratory"/>
      <display value="Laboratory"/>
    </coding>
  </category>
  <code>
    <coding>
      <system value="http://loinc.org"/>
      <code value="17861-6"/>
      <display value="Calcium [Mass/volume] in Serum or Plasma"/>
    </coding>
    <text value="Calcium-SERUM"/>
  </code>
  <subject>
    <reference value="Patient/90"/>
    <type value="Patient"/>
    <identifier>
      <system value="http://fhir.health.gov.il/identifier/il-national-id"/>
      <value value="123456789"/>
    </identifier>
  </subject>
  <effectiveDateTime value="2023-04-03T11:32:38+03:00"/>
  <issued value="2023-04-03T11:37:58.54+03:00"/>
  <performer>
    <type value="Organization"/>
    <identifier>
      <system value="http://fhir.meuhedet.co.il/laboratories"/>
      <value value="73D01"/>
    </identifier>
    <display value="קופת חולים מאוחדת"/>
  </performer>
  <valueQuantity>
    <value value="9"/>
    <unit value="MG/DL"/>
    <system value="http://unitsofmeasure.org"/>
    <code value="Mg/dl"/>
  </valueQuantity>
  <referenceRange>
    <low>
      <value value="8.8"/>
      <system value="http://unitsofmeasure.org"/>
      <code value="Mg/dl"/>
    </low>
    <high>
      <value value="10.4"/>
      <system value="http://unitsofmeasure.org"/>
      <code value="Mg/dl"/>
    </high>
  </referenceRange>
</Observation>