<?xml version="1.0" encoding="UTF-8"?>

<ServiceRequest xmlns="http://hl7.org/fhir">
  <id value="3909"/>
  <meta>
    <profile value="http://outburn.co.il/fhir/oncology/StructureDefinition/lrc-referral-group"/>
  </meta>
  <text>
    <status value="generated"/><div xmlns="http://www.w3.org/1999/xhtml"><p><b>Generated Narrative: ServiceRequest</b><a name="3909"> </a></p><div style="display: inline-block; background-color: #d9e0e7; padding: 6px; margin: 4px; border: 1px solid #8da1b4; border-radius: 5px; line-height: 60%"><p style="margin-bottom: 0px">Resource ServiceRequest &quot;3909&quot; </p><p style="margin-bottom: 0px">Profile: <a href="StructureDefinition-lrc-referral-group.html">Lrc Lab Test Referral Group</a></p></div><p><b>identifier</b>: id: <a href="http://terminology.hl7.org/5.0.0/NamingSystem-uri.html">#</a>urn:uuid:509dd6aa-27ce-48a3-ba4d-b675eab7213c</p><p><b>basedOn</b>: </p><ul><li><a href="ServiceRequest-3906.html">ServiceRequest/3906</a></li><li><a href="ServiceRequest-3907.html">ServiceRequest/3907</a></li><li><a href="ServiceRequest-3908.html">ServiceRequest/3908</a></li></ul><p><b>requisition</b>: id: 51ecd763-209e-4681-b19e-e3fcc1f1d1e4</p><p><b>status</b>: active</p><p><b>intent</b>: order</p><p><b>category</b>: Laboratory procedure <span style="background: LightGoldenRodYellow; margin: 4px; border: 1px solid khaki"> (<a href="https://browser.ihtsdotools.org/">SNOMED CT</a>#108252007)</span></p><p><b>priority</b>: urgent</p><p><b>code</b>: Laboratory Report <span style="background: LightGoldenRodYellow; margin: 4px; border: 1px solid khaki"> (<a href="https://loinc.org/">LOINC</a>#11502-2)</span></p><p><b>subject</b>: <a href="https://simplifier.net/resolve?scope=il.core.fhir.r4@0.13.2&amp;canonical=http://fhir.health.gov.il/Patient/90">Patient/90</a></p><p><b>authoredOn</b>: 2023-04-03 11:32:40+0300</p><p><b>requester</b>: <span>: מרכז רפואי ע&quot;ש ד&quot;ר ח. שיבא, תל-השומר</span></p><p><b>note</b>: הפניה אוטומטית משיבא לצורך טיפול באשפוז יום אונקולוגי</p></div>
  </text>
  <identifier>
    <system value="urn:ietf:rfc:3986"/>
    <value value="urn:uuid:509dd6aa-27ce-48a3-ba4d-b675eab7213c"/>
  </identifier>
  <basedOn>
    <reference value="ServiceRequest/3906"/>
  </basedOn>
  <basedOn>
    <reference value="ServiceRequest/3907"/>
  </basedOn>
  <basedOn>
    <reference value="ServiceRequest/3908"/>
  </basedOn>
  <requisition>
    <value value="51ecd763-209e-4681-b19e-e3fcc1f1d1e4"/>
  </requisition>
  <status value="active"/>
  <intent value="order"/>
  <category>
    <coding>
      <system value="http://snomed.info/sct"/>
      <code value="108252007"/>
      <display value="Laboratory procedure"/>
    </coding>
  </category>
  <priority value="urgent"/>
  <code>
    <coding>
      <system value="http://loinc.org"/>
      <code value="11502-2"/>
      <display value="Laboratory Report"/>
    </coding>
  </code>
  <subject>
    <reference value="Patient/90"/>
    <type value="Patient"/>
    <identifier>
      <system value="http://fhir.health.gov.il/identifier/il-national-id"/>
      <value value="123456789"/>
    </identifier>
  </subject>
  <authoredOn value="2023-04-03T11:32:40+03:00"/>
  <requester>
    <type value="Organization"/>
    <identifier>
      <system value="http://institutions.health.gov.il/Institutions"/>
      <value value="01101"/>
    </identifier>
    <display value="מרכז רפואי ע&quot;ש ד&quot;ר ח. שיבא, תל-השומר"/>
  </requester>
  <note>
    <text value="הפניה אוטומטית משיבא לצורך טיפול באשפוז יום אונקולוגי"/>
  </note>
</ServiceRequest>