<?xml version="1.0" encoding="UTF-8"?>

<ValueSet xmlns="http://hl7.org/fhir">
  <id value="lrc-result-codes"/>
  <text>
    <status value="generated"/><div xmlns="http://www.w3.org/1999/xhtml"><ul><li>Include these codes as defined in <a href="http://loinc.org"><code>http://loinc.org</code></a><table class="none"><tr><td style="white-space:nowrap"><b>Code</b></td><td><b>Display</b></td></tr><tr><td><a href="https://loinc.org/2160-0/">2160-0</a></td><td>Creatinine [Mass/volume] in Serum or Plasma</td></tr><tr><td><a href="https://loinc.org/3094-0/">3094-0</a></td><td>Urea nitrogen [Mass/volume] in Serum or Plasma</td></tr><tr><td><a href="https://loinc.org/2951-2/">2951-2</a></td><td>Sodium [Moles/volume] in Serum or Plasma</td></tr><tr><td><a href="https://loinc.org/2823-3/">2823-3</a></td><td>Potassium [Moles/volume] in Serum or Plasma</td></tr><tr><td><a href="https://loinc.org/17861-6/">17861-6</a></td><td>Calcium [Mass/volume] in Serum or Plasma</td></tr><tr><td><a href="https://loinc.org/19123-9/">19123-9</a></td><td>Magnesium [Mass/volume] in Serum or Plasma</td></tr><tr><td><a href="https://loinc.org/2345-7/">2345-7</a></td><td>Glucose [Mass/volume] in Serum or Plasma</td></tr><tr><td><a href="https://loinc.org/1751-7/">1751-7</a></td><td>Albumin [Mass/volume] in Serum or Plasma</td></tr><tr><td><a href="https://loinc.org/1975-2/">1975-2</a></td><td>Bilirubin.total [Mass/volume] in Serum or Plasma</td></tr><tr><td><a href="https://loinc.org/1920-8/">1920-8</a></td><td>Aspartate aminotransferase [Enzymatic activity/volume] in Serum or Plasma</td></tr><tr><td><a href="https://loinc.org/1742-6/">1742-6</a></td><td>Alanine aminotransferase [Enzymatic activity/volume] in Serum or Plasma</td></tr><tr><td><a href="https://loinc.org/2537-9/">2537-9</a></td><td>Lactate dehydrogenase 1 [Enzymatic activity/volume] in Serum or Plasma</td></tr><tr><td><a href="https://loinc.org/6768-6/">6768-6</a></td><td>Alkaline phosphatase [Enzymatic activity/volume] in Serum or Plasma</td></tr><tr><td><a href="https://loinc.org/3016-3/">3016-3</a></td><td>Thyrotropin [Units/volume] in Serum or Plasma.</td></tr><tr><td><a href="https://loinc.org/14920-3/">14920-3</a></td><td>Thyroxine (T4) free [Moles/volume] in Serum or Plasma</td></tr><tr><td><a href="https://loinc.org/14928-6/">14928-6</a></td><td>Triiodothyronine (T3) Free [Moles/volume] in Serum or Plasma</td></tr><tr><td><a href="https://loinc.org/3173-2/">3173-2</a></td><td>aPTT in Blood by Coagulation assay</td></tr><tr><td><a href="https://loinc.org/5902-2/">5902-2</a></td><td>Prothrombin time (PT)</td></tr><tr><td><a href="https://loinc.org/6690-2/">6690-2</a></td><td>Leukocytes [#/volume] in Blood by Automated count</td></tr><tr><td><a href="https://loinc.org/30394-1/">30394-1</a></td><td>Granulocytes [#/volume] in Blood</td></tr><tr><td><a href="https://loinc.org/30395-8/">30395-8</a></td><td>Granulocytes/100 leukocytes in Blood</td></tr><tr><td><a href="https://loinc.org/51584-1/">51584-1</a></td><td>Immature granulocytes [#/volume] in Blood</td></tr><tr><td><a href="https://loinc.org/38518-7/">38518-7</a></td><td>Immature granulocytes/100 leukocytes in Blood</td></tr><tr><td><a href="https://loinc.org/751-8/">751-8</a></td><td>Neutrophils [#/volume] in Blood by Automated count</td></tr><tr><td><a href="https://loinc.org/770-8/">770-8</a></td><td>Neutrophils/100 leukocytes in Blood by Automated count</td></tr><tr><td><a href="https://loinc.org/736-9/">736-9</a></td><td>Lymphocytes/100 leukocytes in Blood by Automated count</td></tr><tr><td><a href="https://loinc.org/744-3/">744-3</a></td><td>Monocytes/100 leukocytes in Blood by Manual count</td></tr><tr><td><a href="https://loinc.org/711-2/">711-2</a></td><td>Eosinophils [#/volume] in Blood by Automated count</td></tr><tr><td><a href="https://loinc.org/714-6/">714-6</a></td><td>Eosinophils/100 leukocytes in Blood by Manual count</td></tr><tr><td><a href="https://loinc.org/704-7/">704-7</a></td><td>Basophils [#/volume] in Blood by Automated count</td></tr><tr><td><a href="https://loinc.org/706-2/">706-2</a></td><td>Basophils/100 leukocytes in Blood by Automated count</td></tr><tr><td><a href="https://loinc.org/789-8/">789-8</a></td><td>Erythrocytes [#/volume] in Blood by Automated count</td></tr><tr><td><a href="https://loinc.org/718-7/">718-7</a></td><td>Hemoglobin [Mass/volume] in Blood</td></tr><tr><td><a href="https://loinc.org/4544-3/">4544-3</a></td><td>Hematocrit [Volume Fraction] of Blood by Automated count</td></tr><tr><td><a href="https://loinc.org/787-2/">787-2</a></td><td>Erythrocyte mean corpuscular volume [Entitic volume] by Automated count</td></tr><tr><td><a href="https://loinc.org/785-6/">785-6</a></td><td>Erythrocyte mean corpuscular hemoglobin [Entitic mass] by Automated count</td></tr><tr><td><a href="https://loinc.org/786-4/">786-4</a></td><td>Erythrocyte mean corpuscular hemoglobin concentration [Mass/volume] by Automated count</td></tr><tr><td><a href="https://loinc.org/788-0/">788-0</a></td><td>Erythrocyte distribution width [Ratio] by Automated count</td></tr><tr><td><a href="https://loinc.org/30392-5/">30392-5</a></td><td>Nucleated erythrocytes [#/volume] in Blood</td></tr><tr><td><a href="https://loinc.org/48386-7/">48386-7</a></td><td>Platelets Large/Platelets in Blood by Automated count</td></tr><tr><td><a href="https://loinc.org/32207-3/">32207-3</a></td><td>Platelet distribution width [Entitic volume] in Blood by Automated count</td></tr><tr><td><a href="https://loinc.org/32623-1/">32623-1</a></td><td>Platelet mean volume [Entitic volume] in Blood by Automated count</td></tr><tr><td><a href="https://loinc.org/777-3/">777-3</a></td><td>Platelets [#/volume] in Blood by Automated count</td></tr><tr><td><a href="https://loinc.org/17849-1/">17849-1</a></td><td>Reticulocytes/100 erythrocytes in Blood by Automated count</td></tr><tr><td><a href="https://loinc.org/60474-4/">60474-4</a></td><td>Reticulocytes [#/volume] in Blood by Automated count</td></tr><tr><td><a href="https://loinc.org/33516-6/">33516-6</a></td><td>Immature reticulocytes/Reticulocytes.total in Blood</td></tr><tr><td><a href="https://loinc.org/42810-2/">42810-2</a></td><td>Hemoglobin [Entitic mass] in Reticulocytes</td></tr><tr><td><a href="https://loinc.org/5909-7/">5909-7</a></td><td>Blood smear finding [Identifier] in Blood by Light microscopy</td></tr><tr><td><a href="https://loinc.org/30376-8/">30376-8</a></td><td>Blasts [#/volume] in Blood</td></tr><tr><td><a href="https://loinc.org/26446-5/">26446-5</a></td><td>Blasts/100 leukocytes in Blood</td></tr><tr><td><a href="https://loinc.org/30465-9/">30465-9</a></td><td>Prolymphocytes/100 leukocytes in Blood</td></tr><tr><td><a href="https://loinc.org/30446-9/">30446-9</a></td><td>Myelocytes [#/volume] in Blood</td></tr><tr><td><a href="https://loinc.org/26498-6/">26498-6</a></td><td>Myelocytes/100 leukocytes in Blood</td></tr><tr><td><a href="https://loinc.org/739-3/">739-3</a></td><td>Metamyelocytes [#/volume] in Blood by Manual count</td></tr><tr><td><a href="https://loinc.org/740-1/">740-1</a></td><td>Metamyelocytes/100 leukocytes in Blood by Manual count</td></tr><tr><td><a href="https://loinc.org/26507-4/">26507-4</a></td><td>Band form neutrophils [#/volume] in Blood</td></tr><tr><td><a href="https://loinc.org/764-1/">764-1</a></td><td>Band form neutrophils/100 leukocytes in Blood by Manual count</td></tr><tr><td><a href="https://loinc.org/30451-9/">30451-9</a></td><td>Segmented neutrophils [#/volume] in Blood</td></tr><tr><td><a href="https://loinc.org/26505-8/">26505-8</a></td><td>Segmented neutrophils/100 leukocytes in Blood</td></tr><tr><td><a href="https://loinc.org/35082-7/">35082-7</a></td><td>Large granular lymphocytes [#/volume] in Blood</td></tr><tr><td><a href="https://loinc.org/30420-4/">30420-4</a></td><td>Large granular lymphocytes/100 leukocytes in Blood</td></tr><tr><td><a href="https://loinc.org/30464-2/">30464-2</a></td><td>Prolymphocytes [#/volume] in Blood</td></tr><tr><td><a href="https://loinc.org/26477-0/">26477-0</a></td><td>Variant lymphocytes [#/volume] in Blood</td></tr><tr><td><a href="https://loinc.org/735-1/">735-1</a></td><td>Variant lymphocytes/100 leukocytes in Blood by Manual count</td></tr><tr><td><a href="https://loinc.org/30412-1/">30412-1</a></td><td>Abnormal lymphocytes [#/volume] in Blood</td></tr><tr><td><a href="https://loinc.org/30413-9/">30413-9</a></td><td>Abnormal lymphocytes/100 leukocytes in Blood</td></tr><tr><td><a href="https://loinc.org/40548-0/">40548-0</a></td><td>Mononuclear cells atypical [#/volume] in Blood by Manual count</td></tr><tr><td><a href="https://loinc.org/69003-2/">69003-2</a></td><td>Mononuclear cells atypical/100 leukocytes in Blood by Manual count</td></tr><tr><td><a href="https://loinc.org/731-0/">731-0</a></td><td>Lymphocytes [#/volume] in Blood by Automated count</td></tr><tr><td><a href="https://loinc.org/737-7/">737-7</a></td><td>Lymphocytes/100 leukocytes in Blood by Manual count</td></tr><tr><td><a href="https://loinc.org/30458-4/">30458-4</a></td><td>Plasma cells [#/volume] in Blood</td></tr><tr><td><a href="https://loinc.org/13047-6/">13047-6</a></td><td>Plasma cells/100 leukocytes in Blood</td></tr><tr><td><a href="https://loinc.org/34926-6/">34926-6</a></td><td>Promonocytes [#/volume] in Blood</td></tr><tr><td><a href="https://loinc.org/30466-7/">30466-7</a></td><td>Promonocytes/100 leukocytes in Blood</td></tr><tr><td><a href="https://loinc.org/742-7/">742-7</a></td><td>Monocytes [#/volume] in Blood by Automated count</td></tr><tr><td><a href="https://loinc.org/5905-5/">5905-5</a></td><td>Monocytes/100 leukocytes in Blood by Automated count</td></tr><tr><td><a href="https://loinc.org/713-8/">713-8</a></td><td>Eosinophils/100 leukocytes in Blood by Automated count</td></tr><tr><td><a href="https://loinc.org/707-0/">707-0</a></td><td>Basophils/100 leukocytes in Blood by Manual count</td></tr><tr><td><a href="https://loinc.org/30397-4/">30397-4</a></td><td>Hairy cells [#/volume] in Blood</td></tr><tr><td><a href="https://loinc.org/35058-7/">35058-7</a></td><td>Hairy cells/100 leukocytes in Blood</td></tr><tr><td><a href="https://loinc.org/34918-3/">34918-3</a></td><td>Sezary cells [#/volume] in Blood</td></tr><tr><td><a href="https://loinc.org/34919-1/">34919-1</a></td><td>Sezary cells/100 leukocytes in Blood</td></tr><tr><td><a href="https://loinc.org/51585-8/">51585-8</a></td><td>Other cells [#/volume] in Blood by Manual count</td></tr><tr><td><a href="https://loinc.org/51586-6/">51586-6</a></td><td>Other cells/100 leukocytes in Blood by Manual count</td></tr><tr><td><a href="https://loinc.org/30440-2/">30440-2</a></td><td>Monocytes Abnormal [#/volume] in Blood</td></tr><tr><td><a href="https://loinc.org/30441-0/">30441-0</a></td><td>Monocytes Abnormal/100 leukocytes in Blood</td></tr><tr><td><a href="https://loinc.org/26461-4/">26461-4</a></td><td>Nucleated erythrocytes/100 erythrocytes in Blood</td></tr><tr><td><a href="https://loinc.org/34992-8/">34992-8</a></td><td>Smudge cells/100 leukocytes in Blood</td></tr><tr><td><a href="https://loinc.org/51718-5/">51718-5</a></td><td>Normoblasts Polychromatophilic/100 cells in Blood by Microscopy</td></tr><tr><td><a href="https://loinc.org/728-6/">728-6</a></td><td>Hypochromia [Presence] in Blood by Light microscopy</td></tr><tr><td><a href="https://loinc.org/702-1/">702-1</a></td><td>Anisocytosis [Presence] in Blood by Light microscopy</td></tr><tr><td><a href="https://loinc.org/15199-3/">15199-3</a></td><td>Microcytes [Presence] in Blood by Automated count</td></tr><tr><td><a href="https://loinc.org/15198-5/">15198-5</a></td><td>Macrocytes [Presence] in Blood by Automated count</td></tr><tr><td><a href="https://loinc.org/779-9/">779-9</a></td><td>Poikilocytosis [Presence] in Blood by Light microscopy</td></tr><tr><td><a href="https://loinc.org/10381-2/">10381-2</a></td><td>Target cells [Presence] in Blood by Light microscopy</td></tr><tr><td><a href="https://loinc.org/800-3/">800-3</a></td><td>Schistocytes [Presence] in Blood by Light microscopy</td></tr><tr><td><a href="https://loinc.org/10374-7/">10374-7</a></td><td>Helmet cells [Presence] in Blood by Light microscopy</td></tr><tr><td><a href="https://loinc.org/801-1/">801-1</a></td><td>Sickle cells [Presence] in Blood by Light microscopy</td></tr><tr><td><a href="https://loinc.org/802-9/">802-9</a></td><td>Spherocytes [Presence] in Blood by Light microscopy</td></tr><tr><td><a href="https://loinc.org/11274-8/">11274-8</a></td><td>Elliptocytes [Presence] in Blood by Light microscopy</td></tr><tr><td><a href="https://loinc.org/774-0/">774-0</a></td><td>Ovalocytes [Presence] in Blood by Light microscopy</td></tr><tr><td><a href="https://loinc.org/7791-7/">7791-7</a></td><td>Dacrocytes [Presence] in Blood by Light microscopy</td></tr><tr><td><a href="https://loinc.org/10380-4/">10380-4</a></td><td>Stomatocytes [Presence] in Blood by Light microscopy</td></tr><tr><td><a href="https://loinc.org/7789-1/">7789-1</a></td><td>Acanthocytes [Presence] in Blood by Light microscopy</td></tr><tr><td><a href="https://loinc.org/7790-9/">7790-9</a></td><td>Burr cells [Presence] in Blood by Light microscopy</td></tr><tr><td><a href="https://loinc.org/7793-3/">7793-3</a></td><td>Howell-Jolly bodies [Presence] in Blood by Light microscopy</td></tr><tr><td><a href="https://loinc.org/7795-8/">7795-8</a></td><td>Pappenheimer bodies [Presence] in Blood by Light microscopy</td></tr><tr><td><a href="https://loinc.org/703-9/">703-9</a></td><td>Basophilic stippling [Presence] in Blood by Light microscopy</td></tr><tr><td><a href="https://loinc.org/7797-4/">7797-4</a></td><td>Rouleaux [Presence] in Blood by Light microscopy</td></tr><tr><td><a href="https://loinc.org/40688-4/">40688-4</a></td><td>Megakaryocytes [Presence] in Bone marrow by Microscopy</td></tr><tr><td><a href="https://loinc.org/5908-9/">5908-9</a></td><td>Giant platelets [Presence] in Blood by Light microscopy</td></tr><tr><td><a href="https://loinc.org/7796-6/">7796-6</a></td><td>Platelet clump [Presence] in Blood by Light microscopy</td></tr><tr><td><a href="https://loinc.org/19252-6/">19252-6</a></td><td>Megakaryocytes/100 leukocytes in Blood</td></tr></table></li></ul></div>
  </text>
  <url value="http://outburn.co.il/fhir/oncology/ValueSet/lrc-result-codes"/>
  <version value="0.1.0"/>
  <name value="LrcResultCodes"/>
  <title value="Lrc Result Codes"/>
  <status value="draft"/>
  <experimental value="false"/>
  <date value="2024-03-03T08:59:15+02:00"/>
  <publisher value="Outburn LTD."/>
  <contact>
    <name value="Outburn LTD."/>
    <telecom>
      <system value="url"/>
      <value value="http://outburn.co.il"/>
    </telecom>
  </contact>
  <description value="רשימת קודי Loinc לייצוג קודי התוצאות."/>
  <compose>
    <include>
      <system value="http://loinc.org"/>
      <concept>
        <code value="2160-0"/>
        <display value="Creatinine [Mass/volume] in Serum or Plasma"/>
      </concept>
      <concept>
        <code value="3094-0"/>
        <display value="Urea nitrogen [Mass/volume] in Serum or Plasma"/>
      </concept>
      <concept>
        <code value="2951-2"/>
        <display value="Sodium [Moles/volume] in Serum or Plasma"/>
      </concept>
      <concept>
        <code value="2823-3"/>
        <display value="Potassium [Moles/volume] in Serum or Plasma"/>
      </concept>
      <concept>
        <code value="17861-6"/>
        <display value="Calcium [Mass/volume] in Serum or Plasma"/>
      </concept>
      <concept>
        <code value="19123-9"/>
        <display value="Magnesium [Mass/volume] in Serum or Plasma"/>
      </concept>
      <concept>
        <code value="2345-7"/>
        <display value="Glucose [Mass/volume] in Serum or Plasma"/>
      </concept>
      <concept>
        <code value="1751-7"/>
        <display value="Albumin [Mass/volume] in Serum or Plasma"/>
      </concept>
      <concept>
        <code value="1975-2"/>
        <display value="Bilirubin.total [Mass/volume] in Serum or Plasma"/>
      </concept>
      <concept>
        <code value="1920-8"/>
        <display value="Aspartate aminotransferase [Enzymatic activity/volume] in Serum or Plasma"/>
      </concept>
      <concept>
        <code value="1742-6"/>
        <display value="Alanine aminotransferase [Enzymatic activity/volume] in Serum or Plasma"/>
      </concept>
      <concept>
        <code value="2537-9"/>
        <display value="Lactate dehydrogenase 1 [Enzymatic activity/volume] in Serum or Plasma"/>
      </concept>
      <concept>
        <code value="6768-6"/>
        <display value="Alkaline phosphatase [Enzymatic activity/volume] in Serum or Plasma"/>
      </concept>
      <concept>
        <code value="3016-3"/>
        <display value="Thyrotropin [Units/volume] in Serum or Plasma."/>
      </concept>
      <concept>
        <code value="14920-3"/>
        <display value="Thyroxine (T4) free [Moles/volume] in Serum or Plasma"/>
      </concept>
      <concept>
        <code value="14928-6"/>
        <display value="Triiodothyronine (T3) Free [Moles/volume] in Serum or Plasma"/>
      </concept>
      <concept>
        <code value="3173-2"/>
        <display value="aPTT in Blood by Coagulation assay"/>
      </concept>
      <concept>
        <code value="5902-2"/>
        <display value="Prothrombin time (PT)"/>
      </concept>
      <concept>
        <code value="6690-2"/>
        <display value="Leukocytes [#/volume] in Blood by Automated count"/>
      </concept>
      <concept>
        <code value="30394-1"/>
        <display value="Granulocytes [#/volume] in Blood"/>
      </concept>
      <concept>
        <code value="30395-8"/>
        <display value="Granulocytes/100 leukocytes in Blood"/>
      </concept>
      <concept>
        <code value="51584-1"/>
        <display value="Immature granulocytes [#/volume] in Blood"/>
      </concept>
      <concept>
        <code value="38518-7"/>
        <display value="Immature granulocytes/100 leukocytes in Blood"/>
      </concept>
      <concept>
        <code value="751-8"/>
        <display value="Neutrophils [#/volume] in Blood by Automated count"/>
      </concept>
      <concept>
        <code value="770-8"/>
        <display value="Neutrophils/100 leukocytes in Blood by Automated count"/>
      </concept>
      <concept>
        <code value="736-9"/>
        <display value="Lymphocytes/100 leukocytes in Blood by Automated count"/>
      </concept>
      <concept>
        <code value="744-3"/>
        <display value="Monocytes/100 leukocytes in Blood by Manual count"/>
      </concept>
      <concept>
        <code value="711-2"/>
        <display value="Eosinophils [#/volume] in Blood by Automated count"/>
      </concept>
      <concept>
        <code value="714-6"/>
        <display value="Eosinophils/100 leukocytes in Blood by Manual count"/>
      </concept>
      <concept>
        <code value="704-7"/>
        <display value="Basophils [#/volume] in Blood by Automated count"/>
      </concept>
      <concept>
        <code value="706-2"/>
        <display value="Basophils/100 leukocytes in Blood by Automated count"/>
      </concept>
      <concept>
        <code value="789-8"/>
        <display value="Erythrocytes [#/volume] in Blood by Automated count"/>
      </concept>
      <concept>
        <code value="718-7"/>
        <display value="Hemoglobin [Mass/volume] in Blood"/>
      </concept>
      <concept>
        <code value="4544-3"/>
        <display value="Hematocrit [Volume Fraction] of Blood by Automated count"/>
      </concept>
      <concept>
        <code value="787-2"/>
        <display value="Erythrocyte mean corpuscular volume [Entitic volume] by Automated count"/>
      </concept>
      <concept>
        <code value="785-6"/>
        <display value="Erythrocyte mean corpuscular hemoglobin [Entitic mass] by Automated count"/>
      </concept>
      <concept>
        <code value="786-4"/>
        <display value="Erythrocyte mean corpuscular hemoglobin concentration [Mass/volume] by Automated count"/>
      </concept>
      <concept>
        <code value="788-0"/>
        <display value="Erythrocyte distribution width [Ratio] by Automated count"/>
      </concept>
      <concept>
        <code value="30392-5"/>
        <display value="Nucleated erythrocytes [#/volume] in Blood"/>
      </concept>
      <concept>
        <code value="48386-7"/>
        <display value="Platelets Large/Platelets in Blood by Automated count"/>
      </concept>
      <concept>
        <code value="32207-3"/>
        <display value="Platelet distribution width [Entitic volume] in Blood by Automated count"/>
      </concept>
      <concept>
        <code value="32623-1"/>
        <display value="Platelet mean volume [Entitic volume] in Blood by Automated count"/>
      </concept>
      <concept>
        <code value="777-3"/>
        <display value="Platelets [#/volume] in Blood by Automated count"/>
      </concept>
      <concept>
        <code value="17849-1"/>
        <display value="Reticulocytes/100 erythrocytes in Blood by Automated count"/>
      </concept>
      <concept>
        <code value="60474-4"/>
        <display value="Reticulocytes [#/volume] in Blood by Automated count"/>
      </concept>
      <concept>
        <code value="33516-6"/>
        <display value="Immature reticulocytes/Reticulocytes.total in Blood"/>
      </concept>
      <concept>
        <code value="42810-2"/>
        <display value="Hemoglobin [Entitic mass] in Reticulocytes"/>
      </concept>
      <concept>
        <code value="5909-7"/>
        <display value="Blood smear finding [Identifier] in Blood by Light microscopy"/>
      </concept>
      <concept>
        <code value="30376-8"/>
        <display value="Blasts [#/volume] in Blood"/>
      </concept>
      <concept>
        <code value="26446-5"/>
        <display value="Blasts/100 leukocytes in Blood"/>
      </concept>
      <concept>
        <code value="30465-9"/>
        <display value="Prolymphocytes/100 leukocytes in Blood"/>
      </concept>
      <concept>
        <code value="30446-9"/>
        <display value="Myelocytes [#/volume] in Blood"/>
      </concept>
      <concept>
        <code value="26498-6"/>
        <display value="Myelocytes/100 leukocytes in Blood"/>
      </concept>
      <concept>
        <code value="739-3"/>
        <display value="Metamyelocytes [#/volume] in Blood by Manual count"/>
      </concept>
      <concept>
        <code value="740-1"/>
        <display value="Metamyelocytes/100 leukocytes in Blood by Manual count"/>
      </concept>
      <concept>
        <code value="26507-4"/>
        <display value="Band form neutrophils [#/volume] in Blood"/>
      </concept>
      <concept>
        <code value="764-1"/>
        <display value="Band form neutrophils/100 leukocytes in Blood by Manual count"/>
      </concept>
      <concept>
        <code value="30451-9"/>
        <display value="Segmented neutrophils [#/volume] in Blood"/>
      </concept>
      <concept>
        <code value="26505-8"/>
        <display value="Segmented neutrophils/100 leukocytes in Blood"/>
      </concept>
      <concept>
        <code value="35082-7"/>
        <display value="Large granular lymphocytes [#/volume] in Blood"/>
      </concept>
      <concept>
        <code value="30420-4"/>
        <display value="Large granular lymphocytes/100 leukocytes in Blood"/>
      </concept>
      <concept>
        <code value="30464-2"/>
        <display value="Prolymphocytes [#/volume] in Blood"/>
      </concept>
      <concept>
        <code value="26477-0"/>
        <display value="Variant lymphocytes [#/volume] in Blood"/>
      </concept>
      <concept>
        <code value="735-1"/>
        <display value="Variant lymphocytes/100 leukocytes in Blood by Manual count"/>
      </concept>
      <concept>
        <code value="30412-1"/>
        <display value="Abnormal lymphocytes [#/volume] in Blood"/>
      </concept>
      <concept>
        <code value="30413-9"/>
        <display value="Abnormal lymphocytes/100 leukocytes in Blood"/>
      </concept>
      <concept>
        <code value="40548-0"/>
        <display value="Mononuclear cells atypical [#/volume] in Blood by Manual count"/>
      </concept>
      <concept>
        <code value="69003-2"/>
        <display value="Mononuclear cells atypical/100 leukocytes in Blood by Manual count"/>
      </concept>
      <concept>
        <code value="731-0"/>
        <display value="Lymphocytes [#/volume] in Blood by Automated count"/>
      </concept>
      <concept>
        <code value="737-7"/>
        <display value="Lymphocytes/100 leukocytes in Blood by Manual count"/>
      </concept>
      <concept>
        <code value="30458-4"/>
        <display value="Plasma cells [#/volume] in Blood"/>
      </concept>
      <concept>
        <code value="13047-6"/>
        <display value="Plasma cells/100 leukocytes in Blood"/>
      </concept>
      <concept>
        <code value="34926-6"/>
        <display value="Promonocytes [#/volume] in Blood"/>
      </concept>
      <concept>
        <code value="30466-7"/>
        <display value="Promonocytes/100 leukocytes in Blood"/>
      </concept>
      <concept>
        <code value="742-7"/>
        <display value="Monocytes [#/volume] in Blood by Automated count"/>
      </concept>
      <concept>
        <code value="5905-5"/>
        <display value="Monocytes/100 leukocytes in Blood by Automated count"/>
      </concept>
      <concept>
        <code value="713-8"/>
        <display value="Eosinophils/100 leukocytes in Blood by Automated count"/>
      </concept>
      <concept>
        <code value="707-0"/>
        <display value="Basophils/100 leukocytes in Blood by Manual count"/>
      </concept>
      <concept>
        <code value="30397-4"/>
        <display value="Hairy cells [#/volume] in Blood"/>
      </concept>
      <concept>
        <code value="35058-7"/>
        <display value="Hairy cells/100 leukocytes in Blood"/>
      </concept>
      <concept>
        <code value="34918-3"/>
        <display value="Sezary cells [#/volume] in Blood"/>
      </concept>
      <concept>
        <code value="34919-1"/>
        <display value="Sezary cells/100 leukocytes in Blood"/>
      </concept>
      <concept>
        <code value="51585-8"/>
        <display value="Other cells [#/volume] in Blood by Manual count"/>
      </concept>
      <concept>
        <code value="51586-6"/>
        <display value="Other cells/100 leukocytes in Blood by Manual count"/>
      </concept>
      <concept>
        <code value="30440-2"/>
        <display value="Monocytes Abnormal [#/volume] in Blood"/>
      </concept>
      <concept>
        <code value="30441-0"/>
        <display value="Monocytes Abnormal/100 leukocytes in Blood"/>
      </concept>
      <concept>
        <code value="26461-4"/>
        <display value="Nucleated erythrocytes/100 erythrocytes in Blood"/>
      </concept>
      <concept>
        <code value="34992-8"/>
        <display value="Smudge cells/100 leukocytes in Blood"/>
      </concept>
      <concept>
        <code value="51718-5"/>
        <display value="Normoblasts Polychromatophilic/100 cells in Blood by Microscopy"/>
      </concept>
      <concept>
        <code value="728-6"/>
        <display value="Hypochromia [Presence] in Blood by Light microscopy"/>
      </concept>
      <concept>
        <code value="702-1"/>
        <display value="Anisocytosis [Presence] in Blood by Light microscopy"/>
      </concept>
      <concept>
        <code value="15199-3"/>
        <display value="Microcytes [Presence] in Blood by Automated count"/>
      </concept>
      <concept>
        <code value="15198-5"/>
        <display value="Macrocytes [Presence] in Blood by Automated count"/>
      </concept>
      <concept>
        <code value="779-9"/>
        <display value="Poikilocytosis [Presence] in Blood by Light microscopy"/>
      </concept>
      <concept>
        <code value="10381-2"/>
        <display value="Target cells [Presence] in Blood by Light microscopy"/>
      </concept>
      <concept>
        <code value="800-3"/>
        <display value="Schistocytes [Presence] in Blood by Light microscopy"/>
      </concept>
      <concept>
        <code value="10374-7"/>
        <display value="Helmet cells [Presence] in Blood by Light microscopy"/>
      </concept>
      <concept>
        <code value="801-1"/>
        <display value="Sickle cells [Presence] in Blood by Light microscopy"/>
      </concept>
      <concept>
        <code value="802-9"/>
        <display value="Spherocytes [Presence] in Blood by Light microscopy"/>
      </concept>
      <concept>
        <code value="11274-8"/>
        <display value="Elliptocytes [Presence] in Blood by Light microscopy"/>
      </concept>
      <concept>
        <code value="774-0"/>
        <display value="Ovalocytes [Presence] in Blood by Light microscopy"/>
      </concept>
      <concept>
        <code value="7791-7"/>
        <display value="Dacrocytes [Presence] in Blood by Light microscopy"/>
      </concept>
      <concept>
        <code value="10380-4"/>
        <display value="Stomatocytes [Presence] in Blood by Light microscopy"/>
      </concept>
      <concept>
        <code value="7789-1"/>
        <display value="Acanthocytes [Presence] in Blood by Light microscopy"/>
      </concept>
      <concept>
        <code value="7790-9"/>
        <display value="Burr cells [Presence] in Blood by Light microscopy"/>
      </concept>
      <concept>
        <code value="7793-3"/>
        <display value="Howell-Jolly bodies [Presence] in Blood by Light microscopy"/>
      </concept>
      <concept>
        <code value="7795-8"/>
        <display value="Pappenheimer bodies [Presence] in Blood by Light microscopy"/>
      </concept>
      <concept>
        <code value="703-9"/>
        <display value="Basophilic stippling [Presence] in Blood by Light microscopy"/>
      </concept>
      <concept>
        <code value="7797-4"/>
        <display value="Rouleaux [Presence] in Blood by Light microscopy"/>
      </concept>
      <concept>
        <code value="40688-4"/>
        <display value="Megakaryocytes [Presence] in Bone marrow by Microscopy"/>
      </concept>
      <concept>
        <code value="5908-9"/>
        <display value="Giant platelets [Presence] in Blood by Light microscopy"/>
      </concept>
      <concept>
        <code value="7796-6"/>
        <display value="Platelet clump [Presence] in Blood by Light microscopy"/>
      </concept>
      <concept>
        <code value="19252-6"/>
        <display value="Megakaryocytes/100 leukocytes in Blood"/>
      </concept>
    </include>
  </compose>
</ValueSet>