URL,Version,Status,OIDs,Name,Title,Descriptino,Uses,Used,Sources
http://hl7.org/fhir/ValueSet/ucum-common,4.0.1,draft,,Common UCUM units,null,"Commonly encountered UCUM units (for purposes of helping populate look ups.","StructureDefinition/lrc-result","UCUM"
http://outburn.co.il/fhir/oncology/ValueSet/lrc-onco-panel-result-codes,0.1.0,draft,,LrcOncoPanelResultCodes,Lrc Onco Panel Result Codes,"רשימת קודי Loinc לייצוג קודי פאנל, עבור תוצאות, במסגרת טיפול אונקולוגי.","StructureDefinition/lrc-panel-result","LOINC"
http://outburn.co.il/fhir/oncology/ValueSet/lrc-onco-referral-codes,0.1.0,draft,,LrcOncoReferralCodes,Lrc Oncology Related referral Codes,"רשימת קודי Loinc לייצוג קודי הפניות, במסגרת טיפול אונקולוגי.",,"LOINC"
http://outburn.co.il/fhir/oncology/ValueSet/lrc-onco-result-codes,0.1.0,draft,,LrcOncoResultCodes,Lrc Onco Result Codes,"רשימת קודי Loinc לייצוג קודי התוצאות, במסגרת טיפול אונקולוגי.",,"LOINC"
http://outburn.co.il/fhir/oncology/ValueSet/lrc-panel-result-codes,0.1.0,draft,,LrcPanelResultCodes,Lrc Panel Result Codes,"רשימת קודי Loinc לייצוג קודי פאנל, עבור התוצאות.",,"LOINC"
http://outburn.co.il/fhir/oncology/ValueSet/lrc-referral-codes,0.1.0,draft,,LrcReferralCodes,Lrc Referral Codes,"רשימת קודי Loinc לייצוג קודי הפניות.","StructureDefinition/lrc-referral","LOINC"
http://outburn.co.il/fhir/oncology/ValueSet/lrc-result-codes,0.1.0,draft,,LrcResultCodes,Lrc Result Codes,"רשימת קודי Loinc לייצוג קודי התוצאות.","StructureDefinition/lrc-result","LOINC"
