{"resourceType":"ValueSet","id":"lrc-onco-result-codes","text":{"status":"generated","div":"<div xmlns=\"http://www.w3.org/1999/xhtml\"><ul><li>Include these codes as defined in <a href=\"http://loinc.org\"><code>http://loinc.org</code></a><table class=\"none\"><tr><td style=\"white-space:nowrap\"><b>Code</b></td><td><b>Display</b></td></tr><tr><td><a href=\"https://loinc.org/2160-0/\">2160-0</a></td><td>Creatinine [Mass/volume] in Serum or Plasma</td></tr><tr><td><a href=\"https://loinc.org/3094-0/\">3094-0</a></td><td>Urea nitrogen [Mass/volume] in Serum or Plasma</td></tr><tr><td><a href=\"https://loinc.org/2951-2/\">2951-2</a></td><td>Sodium [Moles/volume] in Serum or Plasma</td></tr><tr><td><a href=\"https://loinc.org/2823-3/\">2823-3</a></td><td>Potassium [Moles/volume] in Serum or Plasma</td></tr><tr><td><a href=\"https://loinc.org/17861-6/\">17861-6</a></td><td>Calcium [Mass/volume] in Serum or Plasma</td></tr><tr><td><a href=\"https://loinc.org/19123-9/\">19123-9</a></td><td>Magnesium [Mass/volume] in Serum or Plasma</td></tr><tr><td><a href=\"https://loinc.org/2345-7/\">2345-7</a></td><td>Glucose [Mass/volume] in Serum or Plasma</td></tr><tr><td><a href=\"https://loinc.org/1751-7/\">1751-7</a></td><td>Albumin [Mass/volume] in Serum or Plasma</td></tr><tr><td><a href=\"https://loinc.org/1975-2/\">1975-2</a></td><td>Bilirubin.total [Mass/volume] in Serum or Plasma</td></tr><tr><td><a href=\"https://loinc.org/1920-8/\">1920-8</a></td><td>Aspartate aminotransferase [Enzymatic activity/volume] in Serum or Plasma</td></tr><tr><td><a href=\"https://loinc.org/1742-6/\">1742-6</a></td><td>Alanine aminotransferase [Enzymatic activity/volume] in Serum or Plasma</td></tr><tr><td><a href=\"https://loinc.org/2537-9/\">2537-9</a></td><td>Lactate dehydrogenase 1 [Enzymatic activity/volume] in Serum or Plasma</td></tr><tr><td><a href=\"https://loinc.org/6768-6/\">6768-6</a></td><td>Alkaline phosphatase [Enzymatic activity/volume] in Serum or Plasma</td></tr><tr><td><a href=\"https://loinc.org/3016-3/\">3016-3</a></td><td>Thyrotropin [Units/volume] in Serum or Plasma.</td></tr><tr><td><a href=\"https://loinc.org/14920-3/\">14920-3</a></td><td>Thyroxine (T4) free [Moles/volume] in Serum or Plasma</td></tr><tr><td><a href=\"https://loinc.org/14928-6/\">14928-6</a></td><td>Triiodothyronine (T3) Free [Moles/volume] in Serum or Plasma</td></tr><tr><td><a href=\"https://loinc.org/3173-2/\">3173-2</a></td><td>aPTT in Blood by Coagulation assay</td></tr><tr><td><a href=\"https://loinc.org/5902-2/\">5902-2</a></td><td>Prothrombin time (PT)</td></tr><tr><td><a href=\"https://loinc.org/6690-2/\">6690-2</a></td><td>Leukocytes [#/volume] in Blood by Automated count</td></tr><tr><td><a href=\"https://loinc.org/30394-1/\">30394-1</a></td><td>Granulocytes [#/volume] in Blood</td></tr><tr><td><a href=\"https://loinc.org/30395-8/\">30395-8</a></td><td>Granulocytes/100 leukocytes in Blood</td></tr><tr><td><a href=\"https://loinc.org/51584-1/\">51584-1</a></td><td>Immature granulocytes [#/volume] in Blood</td></tr><tr><td><a href=\"https://loinc.org/38518-7/\">38518-7</a></td><td>Immature granulocytes/100 leukocytes in Blood</td></tr><tr><td><a href=\"https://loinc.org/751-8/\">751-8</a></td><td>Neutrophils [#/volume] in Blood by Automated count</td></tr><tr><td><a href=\"https://loinc.org/770-8/\">770-8</a></td><td>Neutrophils/100 leukocytes in Blood by Automated count</td></tr><tr><td><a href=\"https://loinc.org/731-0/\">731-0</a></td><td>Lymphocytes [#/volume] in Blood by Automated count</td></tr><tr><td><a href=\"https://loinc.org/736-9/\">736-9</a></td><td>Lymphocytes/100 leukocytes in Blood by Automated count</td></tr><tr><td><a href=\"https://loinc.org/742-7/\">742-7</a></td><td>Monocytes [#/volume] in Blood by Automated count</td></tr><tr><td><a href=\"https://loinc.org/744-3/\">744-3</a></td><td>Monocytes/100 leukocytes in Blood by Manual count</td></tr><tr><td><a href=\"https://loinc.org/711-2/\">711-2</a></td><td>Eosinophils [#/volume] in Blood by Automated count</td></tr><tr><td><a href=\"https://loinc.org/714-6/\">714-6</a></td><td>Eosinophils/100 leukocytes in Blood by Manual count</td></tr><tr><td><a href=\"https://loinc.org/704-7/\">704-7</a></td><td>Basophils [#/volume] in Blood by Automated count</td></tr><tr><td><a href=\"https://loinc.org/706-2/\">706-2</a></td><td>Basophils/100 leukocytes in Blood by Automated count</td></tr><tr><td><a href=\"https://loinc.org/789-8/\">789-8</a></td><td>Erythrocytes [#/volume] in Blood by Automated count</td></tr><tr><td><a href=\"https://loinc.org/718-7/\">718-7</a></td><td>Hemoglobin [Mass/volume] in Blood</td></tr><tr><td><a href=\"https://loinc.org/4544-3/\">4544-3</a></td><td>Hematocrit [Volume Fraction] of Blood by Automated count</td></tr><tr><td><a href=\"https://loinc.org/787-2/\">787-2</a></td><td>Erythrocyte mean corpuscular volume [Entitic volume] by Automated count</td></tr><tr><td><a href=\"https://loinc.org/785-6/\">785-6</a></td><td>Erythrocyte mean corpuscular hemoglobin [Entitic mass] by Automated count</td></tr><tr><td><a href=\"https://loinc.org/786-4/\">786-4</a></td><td>Erythrocyte mean corpuscular hemoglobin concentration [Mass/volume] by Automated count</td></tr><tr><td><a href=\"https://loinc.org/788-0/\">788-0</a></td><td>Erythrocyte distribution width [Ratio] by Automated count</td></tr><tr><td><a href=\"https://loinc.org/30392-5/\">30392-5</a></td><td>Nucleated erythrocytes [#/volume] in Blood</td></tr><tr><td><a href=\"https://loinc.org/48386-7/\">48386-7</a></td><td>Platelets Large/Platelets in Blood by Automated count</td></tr><tr><td><a href=\"https://loinc.org/32207-3/\">32207-3</a></td><td>Platelet distribution width [Entitic volume] in Blood by Automated count</td></tr><tr><td><a href=\"https://loinc.org/32623-1/\">32623-1</a></td><td>Platelet mean volume [Entitic volume] in Blood by Automated count</td></tr><tr><td><a href=\"https://loinc.org/777-3/\">777-3</a></td><td>Platelets [#/volume] in Blood by Automated count</td></tr><tr><td><a href=\"https://loinc.org/17849-1/\">17849-1</a></td><td>Reticulocytes/100 erythrocytes in Blood by Automated count</td></tr><tr><td><a href=\"https://loinc.org/60474-4/\">60474-4</a></td><td>Reticulocytes [#/volume] in Blood by Automated count</td></tr><tr><td><a href=\"https://loinc.org/33516-6/\">33516-6</a></td><td>Immature reticulocytes/Reticulocytes.total in Blood</td></tr><tr><td><a href=\"https://loinc.org/42810-2/\">42810-2</a></td><td>Hemoglobin [Entitic mass] in Reticulocytes</td></tr><tr><td><a href=\"https://loinc.org/5909-7/\">5909-7</a></td><td>Blood smear finding [Identifier] in Blood by Light microscopy</td></tr><tr><td><a href=\"https://loinc.org/30376-8/\">30376-8</a></td><td>Blasts [#/volume] in Blood</td></tr><tr><td><a href=\"https://loinc.org/26446-5/\">26446-5</a></td><td>Blasts/100 leukocytes in Blood</td></tr><tr><td><a href=\"https://loinc.org/30464-2/\">30464-2</a></td><td>Prolymphocytes [#/volume] in Blood</td></tr><tr><td><a href=\"https://loinc.org/26498-6/\">26498-6</a></td><td>Myelocytes/100 leukocytes in Blood</td></tr><tr><td><a href=\"https://loinc.org/739-3/\">739-3</a></td><td>Metamyelocytes [#/volume] in Blood by Manual count</td></tr><tr><td><a href=\"https://loinc.org/740-1/\">740-1</a></td><td>Metamyelocytes/100 leukocytes in Blood by Manual count</td></tr><tr><td><a href=\"https://loinc.org/26507-4/\">26507-4</a></td><td>Band form neutrophils [#/volume] in Blood</td></tr><tr><td><a href=\"https://loinc.org/764-1/\">764-1</a></td><td>Band form neutrophils/100 leukocytes in Blood by Manual count</td></tr><tr><td><a href=\"https://loinc.org/30451-9/\">30451-9</a></td><td>Segmented neutrophils [#/volume] in Blood</td></tr><tr><td><a href=\"https://loinc.org/26505-8/\">26505-8</a></td><td>Segmented neutrophils/100 leukocytes in Blood</td></tr><tr><td><a href=\"https://loinc.org/35082-7/\">35082-7</a></td><td>Large granular lymphocytes [#/volume] in Blood</td></tr><tr><td><a href=\"https://loinc.org/30420-4/\">30420-4</a></td><td>Large granular lymphocytes/100 leukocytes in Blood</td></tr><tr><td><a href=\"https://loinc.org/30465-9/\">30465-9</a></td><td>Prolymphocytes/100 leukocytes in Blood</td></tr><tr><td><a href=\"https://loinc.org/26477-0/\">26477-0</a></td><td>Variant lymphocytes [#/volume] in Blood</td></tr><tr><td><a href=\"https://loinc.org/735-1/\">735-1</a></td><td>Variant lymphocytes/100 leukocytes in Blood by Manual count</td></tr><tr><td><a href=\"https://loinc.org/30412-1/\">30412-1</a></td><td>Abnormal lymphocytes [#/volume] in Blood</td></tr><tr><td><a href=\"https://loinc.org/30413-9/\">30413-9</a></td><td>Abnormal lymphocytes/100 leukocytes in Blood</td></tr><tr><td><a href=\"https://loinc.org/40548-0/\">40548-0</a></td><td>Mononuclear cells atypical [#/volume] in Blood by Manual count</td></tr><tr><td><a href=\"https://loinc.org/69003-2/\">69003-2</a></td><td>Mononuclear cells atypical/100 leukocytes in Blood by Manual count</td></tr><tr><td><a href=\"https://loinc.org/737-7/\">737-7</a></td><td>Lymphocytes/100 leukocytes in Blood by Manual count</td></tr><tr><td><a href=\"https://loinc.org/30458-4/\">30458-4</a></td><td>Plasma cells [#/volume] in Blood</td></tr><tr><td><a href=\"https://loinc.org/13047-6/\">13047-6</a></td><td>Plasma cells/100 leukocytes in Blood</td></tr><tr><td><a href=\"https://loinc.org/34926-6/\">34926-6</a></td><td>Promonocytes [#/volume] in Blood</td></tr><tr><td><a href=\"https://loinc.org/30466-7/\">30466-7</a></td><td>Promonocytes/100 leukocytes in Blood</td></tr><tr><td><a href=\"https://loinc.org/5905-5/\">5905-5</a></td><td>Monocytes/100 leukocytes in Blood by Automated count</td></tr><tr><td><a href=\"https://loinc.org/713-8/\">713-8</a></td><td>Eosinophils/100 leukocytes in Blood by Automated count</td></tr><tr><td><a href=\"https://loinc.org/707-0/\">707-0</a></td><td>Basophils/100 leukocytes in Blood by Manual count</td></tr><tr><td><a href=\"https://loinc.org/30397-4/\">30397-4</a></td><td>Hairy cells [#/volume] in Blood</td></tr><tr><td><a href=\"https://loinc.org/35058-7/\">35058-7</a></td><td>Hairy cells/100 leukocytes in Blood</td></tr><tr><td><a href=\"https://loinc.org/34918-3/\">34918-3</a></td><td>Sezary cells [#/volume] in Blood</td></tr><tr><td><a href=\"https://loinc.org/34919-1/\">34919-1</a></td><td>Sezary cells/100 leukocytes in Blood</td></tr><tr><td><a href=\"https://loinc.org/51585-8/\">51585-8</a></td><td>Other cells [#/volume] in Blood by Manual count</td></tr><tr><td><a href=\"https://loinc.org/51586-6/\">51586-6</a></td><td>Other cells/100 leukocytes in Blood by Manual count</td></tr><tr><td><a href=\"https://loinc.org/30440-2/\">30440-2</a></td><td>Monocytes Abnormal [#/volume] in Blood</td></tr><tr><td><a href=\"https://loinc.org/30441-0/\">30441-0</a></td><td>Monocytes Abnormal/100 leukocytes in Blood</td></tr><tr><td><a href=\"https://loinc.org/26461-4/\">26461-4</a></td><td>Nucleated erythrocytes/100 erythrocytes in Blood</td></tr><tr><td><a href=\"https://loinc.org/34992-8/\">34992-8</a></td><td>Smudge cells/100 leukocytes in Blood</td></tr><tr><td><a href=\"https://loinc.org/51718-5/\">51718-5</a></td><td>Normoblasts Polychromatophilic/100 cells in Blood by Microscopy</td></tr><tr><td><a href=\"https://loinc.org/728-6/\">728-6</a></td><td>Hypochromia [Presence] in Blood by Light microscopy</td></tr><tr><td><a href=\"https://loinc.org/702-1/\">702-1</a></td><td>Anisocytosis [Presence] in Blood by Light microscopy</td></tr><tr><td><a href=\"https://loinc.org/15199-3/\">15199-3</a></td><td>Microcytes [Presence] in Blood by Automated count</td></tr><tr><td><a href=\"https://loinc.org/15198-5/\">15198-5</a></td><td>Macrocytes [Presence] in Blood by Automated count</td></tr><tr><td><a href=\"https://loinc.org/779-9/\">779-9</a></td><td>Poikilocytosis [Presence] in Blood by Light microscopy</td></tr><tr><td><a href=\"https://loinc.org/10381-2/\">10381-2</a></td><td>Target cells [Presence] in Blood by Light microscopy</td></tr><tr><td><a href=\"https://loinc.org/800-3/\">800-3</a></td><td>Schistocytes [Presence] in Blood by Light microscopy</td></tr><tr><td><a href=\"https://loinc.org/10374-7/\">10374-7</a></td><td>Helmet cells [Presence] in Blood by Light microscopy</td></tr><tr><td><a href=\"https://loinc.org/801-1/\">801-1</a></td><td>Sickle cells [Presence] in Blood by Light microscopy</td></tr><tr><td><a href=\"https://loinc.org/802-9/\">802-9</a></td><td>Spherocytes [Presence] in Blood by Light microscopy</td></tr><tr><td><a href=\"https://loinc.org/11274-8/\">11274-8</a></td><td>Elliptocytes [Presence] in Blood by Light microscopy</td></tr><tr><td><a href=\"https://loinc.org/774-0/\">774-0</a></td><td>Ovalocytes [Presence] in Blood by Light microscopy</td></tr><tr><td><a href=\"https://loinc.org/7791-7/\">7791-7</a></td><td>Dacrocytes [Presence] in Blood by Light microscopy</td></tr><tr><td><a href=\"https://loinc.org/10380-4/\">10380-4</a></td><td>Stomatocytes [Presence] in Blood by Light microscopy</td></tr><tr><td><a href=\"https://loinc.org/7789-1/\">7789-1</a></td><td>Acanthocytes [Presence] in Blood by Light microscopy</td></tr><tr><td><a href=\"https://loinc.org/7790-9/\">7790-9</a></td><td>Burr cells [Presence] in Blood by Light microscopy</td></tr><tr><td><a href=\"https://loinc.org/7793-3/\">7793-3</a></td><td>Howell-Jolly bodies [Presence] in Blood by Light microscopy</td></tr><tr><td><a href=\"https://loinc.org/7795-8/\">7795-8</a></td><td>Pappenheimer bodies [Presence] in Blood by Light microscopy</td></tr><tr><td><a href=\"https://loinc.org/703-9/\">703-9</a></td><td>Basophilic stippling [Presence] in Blood by Light microscopy</td></tr><tr><td><a href=\"https://loinc.org/7797-4/\">7797-4</a></td><td>Rouleaux [Presence] in Blood by Light microscopy</td></tr><tr><td><a href=\"https://loinc.org/40688-4/\">40688-4</a></td><td>Megakaryocytes [Presence] in Bone marrow by Microscopy</td></tr><tr><td><a href=\"https://loinc.org/5908-9/\">5908-9</a></td><td>Giant platelets [Presence] in Blood by Light microscopy</td></tr><tr><td><a href=\"https://loinc.org/7796-6/\">7796-6</a></td><td>Platelet clump [Presence] in Blood by Light microscopy</td></tr><tr><td><a href=\"https://loinc.org/19252-6/\">19252-6</a></td><td>Megakaryocytes/100 leukocytes in Blood</td></tr></table></li></ul></div>"},"url":"http://outburn.co.il/fhir/oncology/ValueSet/lrc-onco-result-codes","version":"0.1.0","name":"LrcOncoResultCodes","title":"Lrc Onco Result Codes","status":"draft","experimental":false,"date":"2024-02-22T18:39:46+02:00","publisher":"Outburn LTD.","contact":[{"name":"Outburn LTD.","telecom":[{"system":"url","value":"http://outburn.co.il"}]}],"description":"רשימת קודי Loinc לייצוג קודי התוצאות, במסגרת טיפול אונקולוגי.","compose":{"include":[{"system":"http://loinc.org","concept":[{"code":"2160-0","display":"Creatinine [Mass/volume] in Serum or Plasma"},{"code":"3094-0","display":"Urea nitrogen [Mass/volume] in Serum or Plasma"},{"code":"2951-2","display":"Sodium [Moles/volume] in Serum or Plasma"},{"code":"2823-3","display":"Potassium [Moles/volume] in Serum or Plasma"},{"code":"17861-6","display":"Calcium [Mass/volume] in Serum or Plasma"},{"code":"19123-9","display":"Magnesium [Mass/volume] in Serum or Plasma"},{"code":"2345-7","display":"Glucose [Mass/volume] in Serum or Plasma"},{"code":"1751-7","display":"Albumin [Mass/volume] in Serum or Plasma"},{"code":"1975-2","display":"Bilirubin.total [Mass/volume] in Serum or Plasma"},{"code":"1920-8","display":"Aspartate aminotransferase [Enzymatic activity/volume] in Serum or Plasma"},{"code":"1742-6","display":"Alanine aminotransferase [Enzymatic activity/volume] in Serum or Plasma"},{"code":"2537-9","display":"Lactate dehydrogenase 1 [Enzymatic activity/volume] in Serum or Plasma"},{"code":"6768-6","display":"Alkaline phosphatase [Enzymatic activity/volume] in Serum or Plasma"},{"code":"3016-3","display":"Thyrotropin [Units/volume] in Serum or Plasma."},{"code":"14920-3","display":"Thyroxine (T4) free [Moles/volume] in Serum or Plasma"},{"code":"14928-6","display":"Triiodothyronine (T3) Free [Moles/volume] in Serum or Plasma"},{"code":"3173-2","display":"aPTT in Blood by Coagulation assay"},{"code":"5902-2","display":"Prothrombin time (PT)"},{"code":"6690-2","display":"Leukocytes [#/volume] in Blood by Automated count"},{"code":"30394-1","display":"Granulocytes [#/volume] in Blood"},{"code":"30395-8","display":"Granulocytes/100 leukocytes in Blood"},{"code":"51584-1","display":"Immature granulocytes [#/volume] in Blood"},{"code":"38518-7","display":"Immature granulocytes/100 leukocytes in Blood"},{"code":"751-8","display":"Neutrophils [#/volume] in Blood by Automated count"},{"code":"770-8","display":"Neutrophils/100 leukocytes in Blood by Automated count"},{"code":"731-0","display":"Lymphocytes [#/volume] in Blood by Automated count"},{"code":"736-9","display":"Lymphocytes/100 leukocytes in Blood by Automated count"},{"code":"742-7","display":"Monocytes [#/volume] in Blood by Automated count"},{"code":"744-3","display":"Monocytes/100 leukocytes in Blood by Manual count"},{"code":"711-2","display":"Eosinophils [#/volume] in Blood by Automated count"},{"code":"714-6","display":"Eosinophils/100 leukocytes in Blood by Manual count"},{"code":"704-7","display":"Basophils [#/volume] in Blood by Automated count"},{"code":"706-2","display":"Basophils/100 leukocytes in Blood by Automated count"},{"code":"789-8","display":"Erythrocytes [#/volume] in Blood by Automated count"},{"code":"718-7","display":"Hemoglobin [Mass/volume] in Blood"},{"code":"4544-3","display":"Hematocrit [Volume Fraction] of Blood by Automated count"},{"code":"787-2","display":"Erythrocyte mean corpuscular volume [Entitic volume] by Automated count"},{"code":"785-6","display":"Erythrocyte mean corpuscular hemoglobin [Entitic mass] by Automated count"},{"code":"786-4","display":"Erythrocyte mean corpuscular hemoglobin concentration [Mass/volume] by Automated count"},{"code":"788-0","display":"Erythrocyte distribution width [Ratio] by Automated count"},{"code":"30392-5","display":"Nucleated erythrocytes [#/volume] in Blood"},{"code":"48386-7","display":"Platelets Large/Platelets in Blood by Automated count"},{"code":"32207-3","display":"Platelet distribution width [Entitic volume] in Blood by Automated count"},{"code":"32623-1","display":"Platelet mean volume [Entitic volume] in Blood by Automated count"},{"code":"777-3","display":"Platelets [#/volume] in Blood by Automated count"},{"code":"17849-1","display":"Reticulocytes/100 erythrocytes in Blood by Automated count"},{"code":"60474-4","display":"Reticulocytes [#/volume] in Blood by Automated count"},{"code":"33516-6","display":"Immature reticulocytes/Reticulocytes.total in Blood"},{"code":"42810-2","display":"Hemoglobin [Entitic mass] in Reticulocytes"},{"code":"5909-7","display":"Blood smear finding [Identifier] in Blood by Light microscopy"},{"code":"30376-8","display":"Blasts [#/volume] in Blood"},{"code":"26446-5","display":"Blasts/100 leukocytes in Blood"},{"code":"30464-2","display":"Prolymphocytes [#/volume] in Blood"},{"code":"26498-6","display":"Myelocytes/100 leukocytes in Blood"},{"code":"739-3","display":"Metamyelocytes [#/volume] in Blood by Manual count"},{"code":"740-1","display":"Metamyelocytes/100 leukocytes in Blood by Manual count"},{"code":"26507-4","display":"Band form neutrophils [#/volume] in Blood"},{"code":"764-1","display":"Band form neutrophils/100 leukocytes in Blood by Manual count"},{"code":"30451-9","display":"Segmented neutrophils [#/volume] in Blood"},{"code":"26505-8","display":"Segmented neutrophils/100 leukocytes in Blood"},{"code":"35082-7","display":"Large granular lymphocytes [#/volume] in Blood"},{"code":"30420-4","display":"Large granular lymphocytes/100 leukocytes in Blood"},{"code":"30465-9","display":"Prolymphocytes/100 leukocytes in Blood"},{"code":"26477-0","display":"Variant lymphocytes [#/volume] in Blood"},{"code":"735-1","display":"Variant lymphocytes/100 leukocytes in Blood by Manual count"},{"code":"30412-1","display":"Abnormal lymphocytes [#/volume] in Blood"},{"code":"30413-9","display":"Abnormal lymphocytes/100 leukocytes in Blood"},{"code":"40548-0","display":"Mononuclear cells atypical [#/volume] in Blood by Manual count"},{"code":"69003-2","display":"Mononuclear cells atypical/100 leukocytes in Blood by Manual count"},{"code":"737-7","display":"Lymphocytes/100 leukocytes in Blood by Manual count"},{"code":"30458-4","display":"Plasma cells [#/volume] in Blood"},{"code":"13047-6","display":"Plasma cells/100 leukocytes in Blood"},{"code":"34926-6","display":"Promonocytes [#/volume] in Blood"},{"code":"30466-7","display":"Promonocytes/100 leukocytes in Blood"},{"code":"5905-5","display":"Monocytes/100 leukocytes in Blood by Automated count"},{"code":"713-8","display":"Eosinophils/100 leukocytes in Blood by Automated count"},{"code":"707-0","display":"Basophils/100 leukocytes in Blood by Manual count"},{"code":"30397-4","display":"Hairy cells [#/volume] in Blood"},{"code":"35058-7","display":"Hairy cells/100 leukocytes in Blood"},{"code":"34918-3","display":"Sezary cells [#/volume] in Blood"},{"code":"34919-1","display":"Sezary cells/100 leukocytes in Blood"},{"code":"51585-8","display":"Other cells [#/volume] in Blood by Manual count"},{"code":"51586-6","display":"Other cells/100 leukocytes in Blood by Manual count"},{"code":"30440-2","display":"Monocytes Abnormal [#/volume] in Blood"},{"code":"30441-0","display":"Monocytes Abnormal/100 leukocytes in Blood"},{"code":"26461-4","display":"Nucleated erythrocytes/100 erythrocytes in Blood"},{"code":"34992-8","display":"Smudge cells/100 leukocytes in Blood"},{"code":"51718-5","display":"Normoblasts Polychromatophilic/100 cells in Blood by Microscopy"},{"code":"728-6","display":"Hypochromia [Presence] in Blood by Light microscopy"},{"code":"702-1","display":"Anisocytosis [Presence] in Blood by Light microscopy"},{"code":"15199-3","display":"Microcytes [Presence] in Blood by Automated count"},{"code":"15198-5","display":"Macrocytes [Presence] in Blood by Automated count"},{"code":"779-9","display":"Poikilocytosis [Presence] in Blood by Light microscopy"},{"code":"10381-2","display":"Target cells [Presence] in Blood by Light microscopy"},{"code":"800-3","display":"Schistocytes [Presence] in Blood by Light microscopy"},{"code":"10374-7","display":"Helmet cells [Presence] in Blood by Light microscopy"},{"code":"801-1","display":"Sickle cells [Presence] in Blood by Light microscopy"},{"code":"802-9","display":"Spherocytes [Presence] in Blood by Light microscopy"},{"code":"11274-8","display":"Elliptocytes [Presence] in Blood by Light microscopy"},{"code":"774-0","display":"Ovalocytes [Presence] in Blood by Light microscopy"},{"code":"7791-7","display":"Dacrocytes [Presence] in Blood by Light microscopy"},{"code":"10380-4","display":"Stomatocytes [Presence] in Blood by Light microscopy"},{"code":"7789-1","display":"Acanthocytes [Presence] in Blood by Light microscopy"},{"code":"7790-9","display":"Burr cells [Presence] in Blood by Light microscopy"},{"code":"7793-3","display":"Howell-Jolly bodies [Presence] in Blood by Light microscopy"},{"code":"7795-8","display":"Pappenheimer bodies [Presence] in Blood by Light microscopy"},{"code":"703-9","display":"Basophilic stippling [Presence] in Blood by Light microscopy"},{"code":"7797-4","display":"Rouleaux [Presence] in Blood by Light microscopy"},{"code":"40688-4","display":"Megakaryocytes [Presence] in Bone marrow by Microscopy"},{"code":"5908-9","display":"Giant platelets [Presence] in Blood by Light microscopy"},{"code":"7796-6","display":"Platelet clump [Presence] in Blood by Light microscopy"},{"code":"19252-6","display":"Megakaryocytes/100 leukocytes in Blood"}]}]}}