{"resourceType":"ValueSet","id":"lrc-onco-referral-codes","text":{"status":"generated","div":"<div xmlns=\"http://www.w3.org/1999/xhtml\"><ul><li>Include these codes as defined in <a href=\"http://loinc.org\"><code>http://loinc.org</code></a><table class=\"none\"><tr><td style=\"white-space:nowrap\"><b>Code</b></td><td><b>Display</b></td></tr><tr><td><a href=\"https://loinc.org/57021-8/\">57021-8</a></td><td>CBC W Auto Differential panel (Bld)</td></tr><tr><td><a href=\"https://loinc.org/2160-0/\">2160-0</a></td><td>Creatinine [Mass/volume] in Serum or Plasma</td></tr><tr><td><a href=\"https://loinc.org/3094-0/\">3094-0</a></td><td>Urea nitrogen [Mass/volume] in Serum or Plasma</td></tr><tr><td><a href=\"https://loinc.org/2951-2/\">2951-2</a></td><td>Sodium [Moles/volume] in Serum or Plasma</td></tr><tr><td><a href=\"https://loinc.org/2823-3/\">2823-3</a></td><td>Potassium [Moles/volume] in Serum or Plasma</td></tr><tr><td><a href=\"https://loinc.org/17861-6/\">17861-6</a></td><td>Calcium [Mass/volume] in Serum or Plasma</td></tr><tr><td><a href=\"https://loinc.org/19123-9/\">19123-9</a></td><td>Magnesium [Mass/volume] in Serum or Plasma</td></tr><tr><td><a href=\"https://loinc.org/2345-7/\">2345-7</a></td><td>Glucose [Mass/volume] in Serum or Plasma</td></tr><tr><td><a href=\"https://loinc.org/1751-7/\">1751-7</a></td><td>Albumin [Mass/volume] in Serum or Plasma</td></tr><tr><td><a href=\"https://loinc.org/1975-2/\">1975-2</a></td><td>Bilirubin.total [Mass/volume] in Serum or Plasma</td></tr><tr><td><a href=\"https://loinc.org/1920-8/\">1920-8</a></td><td>Aspartate aminotransferase [Enzymatic activity/volume] in Serum or Plasma</td></tr><tr><td><a href=\"https://loinc.org/1742-6/\">1742-6</a></td><td>Alanine aminotransferase [Enzymatic activity/volume] in Serum or Plasma</td></tr><tr><td><a href=\"https://loinc.org/2537-9/\">2537-9</a></td><td>Lactate dehydrogenase 1 [Enzymatic activity/volume] in Serum or Plasma</td></tr><tr><td><a href=\"https://loinc.org/6768-6/\">6768-6</a></td><td>Alkaline phosphatase [Enzymatic activity/volume] in Serum or Plasma</td></tr><tr><td><a href=\"https://loinc.org/3016-3/\">3016-3</a></td><td>Thyrotropin [Units/volume] in Serum or Plasma.</td></tr><tr><td><a href=\"https://loinc.org/14920-3/\">14920-3</a></td><td>Thyroxine (T4) free [Moles/volume] in Serum or Plasma</td></tr><tr><td><a href=\"https://loinc.org/14928-6/\">14928-6</a></td><td>Triiodothyronine (T3) Free [Moles/volume] in Serum or Plasma</td></tr><tr><td><a href=\"https://loinc.org/5894-1/\">5894-1</a></td><td>Prothrombin time (PT) actual/Normal</td></tr></table></li></ul></div>"},"url":"http://ig.fhir-il-community.org/LRC/ValueSet/lrc-onco-referral-codes","version":"1.0.0","name":"LrcOncoReferralCodes","title":"Lrc Oncology Related referral Codes","status":"draft","experimental":false,"date":"2024-03-04T15:01:53+02:00","publisher":"FHIR-il community","contact":[{"name":"FHIR-il community","telecom":[{"system":"url","value":"http://ig.fhir-il-community.org"}]}],"description":"רשימת קודי Loinc לייצוג קודי הפניות, במסגרת טיפול אונקולוגי.","compose":{"include":[{"system":"http://loinc.org","concept":[{"code":"57021-8","display":"CBC W Auto Differential panel (Bld)"},{"code":"2160-0","display":"Creatinine [Mass/volume] in Serum or Plasma"},{"code":"3094-0","display":"Urea nitrogen [Mass/volume] in Serum or Plasma"},{"code":"2951-2","display":"Sodium [Moles/volume] in Serum or Plasma"},{"code":"2823-3","display":"Potassium [Moles/volume] in Serum or Plasma"},{"code":"17861-6","display":"Calcium [Mass/volume] in Serum or Plasma"},{"code":"19123-9","display":"Magnesium [Mass/volume] in Serum or Plasma"},{"code":"2345-7","display":"Glucose [Mass/volume] in Serum or Plasma"},{"code":"1751-7","display":"Albumin [Mass/volume] in Serum or Plasma"},{"code":"1975-2","display":"Bilirubin.total [Mass/volume] in Serum or Plasma"},{"code":"1920-8","display":"Aspartate aminotransferase [Enzymatic activity/volume] in Serum or Plasma"},{"code":"1742-6","display":"Alanine aminotransferase [Enzymatic activity/volume] in Serum or Plasma"},{"code":"2537-9","display":"Lactate dehydrogenase 1 [Enzymatic activity/volume] in Serum or Plasma"},{"code":"6768-6","display":"Alkaline phosphatase [Enzymatic activity/volume] in Serum or Plasma"},{"code":"3016-3","display":"Thyrotropin [Units/volume] in Serum or Plasma."},{"code":"14920-3","display":"Thyroxine (T4) free [Moles/volume] in Serum or Plasma"},{"code":"14928-6","display":"Triiodothyronine (T3) Free [Moles/volume] in Serum or Plasma"},{"code":"5894-1","display":"Prothrombin time (PT) actual/Normal"}]}]}}