{
  "resourceType" : "Observation",
  "id" : "lrc-result-oncology-urea",
  "meta" : {
    "profile" : ["http://outburn.co.il/fhir/oncology/StructureDefinition/lrc-onco-result",
    "http://fhir.health.gov.il/StructureDefinition/lrc-result"]
  },
  "text" : {
    "status" : "generated",
    "div" : "<div xmlns=\"http://www.w3.org/1999/xhtml\">תוצאות בדיקת אוראה בסרום של מטופל עבור אשפוז יום אונקולוגי</div>"
  },
  "identifier" : [{
    "system" : "http://fhir.meuhedet.co.il/identifier/lab-result",
    "value" : "1304421043-20230802-1336-3231"
  }],
  "basedOn" : [{
    "reference" : "ServiceRequest/3907"
  }],
  "status" : "final",
  "category" : [{
    "coding" : [{
      "system" : "http://terminology.hl7.org/CodeSystem/observation-category",
      "code" : "laboratory",
      "display" : "Laboratory"
    }]
  }],
  "code" : {
    "coding" : [{
      "system" : "http://loinc.org",
      "code" : "3094-0",
      "display" : "Urea nitrogen [Mass/volume] in Serum or Plasma"
    }],
    "text" : "Urea-blood (BUN)"
  },
  "subject" : {
    "reference" : "Patient/90",
    "type" : "Patient",
    "identifier" : {
      "system" : "http://fhir.health.gov.il/identifier/il-national-id",
      "value" : "000000018"
    }
  },
  "effectiveDateTime" : "2023-04-03T11:32:38+03:00",
  "issued" : "2023-04-03T11:37:58.54+03:00",
  "performer" : [{
    "type" : "Organization",
    "identifier" : {
      "system" : "http://fhir.meuhedet.co.il/laboratories",
      "value" : "73D01"
    },
    "display" : "קופת חולים מאוחדת"
  }],
  "valueQuantity" : {
    "value" : 92,
    "unit" : "MG/DL",
    "system" : "http://unitsofmeasure.org",
    "code" : "Mg/dl"
  },
  "referenceRange" : [{
    "low" : {
      "value" : 8,
      "system" : "http://unitsofmeasure.org",
      "code" : "Mg/dl"
    },
    "high" : {
      "value" : 23.5,
      "system" : "http://unitsofmeasure.org",
      "code" : "Mg/dl"
    }
  }]
}