{
  "resourceType" : "Observation",
  "id" : "3914",
  "text" : {
    "status" : "generated",
    "div" : "<div xmlns=\"http://www.w3.org/1999/xhtml\"><p><b>Generated Narrative: Observation</b><a name=\"3914\"> </a></p><div style=\"display: inline-block; background-color: #d9e0e7; padding: 6px; margin: 4px; border: 1px solid #8da1b4; border-radius: 5px; line-height: 60%\"><p style=\"margin-bottom: 0px\">Resource Observation &quot;3914&quot; </p></div><p><b>identifier</b>: <code>http://fhir.meuhedet.co.il/identifier/lab-result</code>/1121991-20230403-100-733-2</p><p><b>basedOn</b>: <a href=\"ServiceRequest-3907.html\">ServiceRequest/3907</a></p><p><b>status</b>: final</p><p><b>category</b>: Laboratory <span style=\"background: LightGoldenRodYellow; margin: 4px; border: 1px solid khaki\"> (<a href=\"http://terminology.hl7.org/5.0.0/CodeSystem-observation-category.html\">Observation Category Codes</a>#laboratory)</span></p><p><b>code</b>: Urea-blood (BUN) <span style=\"background: LightGoldenRodYellow; margin: 4px; border: 1px solid khaki\"> (<a href=\"https://loinc.org/\">LOINC</a>#3094-0 &quot;Urea nitrogen [Mass/volume] in Serum or Plasma&quot;)</span></p><p><b>subject</b>: <a href=\"https://simplifier.net/resolve?scope=il.core.fhir.r4@0.13.2&amp;canonical=http://fhir.health.gov.il/Patient/90\">Patient/90</a></p><p><b>effective</b>: 2023-04-03 11:32:38+0300</p><p><b>issued</b>: Apr 3, 2023, 11:37:58\u202fAM</p><p><b>performer</b>: <span>: קופת חולים מאוחדת</span></p><p><b>value</b>: 92 MG/DL<span style=\"background: LightGoldenRodYellow\"> (Details: UCUM code Mg/dl = 'Mg/dl')</span></p><h3>ReferenceRanges</h3><table class=\"grid\"><tr><td style=\"display: none\">-</td><td><b>Low</b></td><td><b>High</b></td></tr><tr><td style=\"display: none\">*</td><td>8 Mg/dl<span style=\"background: LightGoldenRodYellow\"> (Details: UCUM code Mg/dl = 'Mg/dl')</span></td><td>23.5 Mg/dl<span style=\"background: LightGoldenRodYellow\"> (Details: UCUM code Mg/dl = 'Mg/dl')</span></td></tr></table></div>"
  },
  "identifier" : [{
    "system" : "http://fhir.meuhedet.co.il/identifier/lab-result",
    "value" : "1121991-20230403-100-733-2"
  }],
  "basedOn" : [{
    "reference" : "ServiceRequest/3907"
  }],
  "status" : "final",
  "category" : [{
    "coding" : [{
      "system" : "http://terminology.hl7.org/CodeSystem/observation-category",
      "code" : "laboratory",
      "display" : "Laboratory"
    }]
  }],
  "code" : {
    "coding" : [{
      "system" : "http://loinc.org",
      "code" : "3094-0",
      "display" : "Urea nitrogen [Mass/volume] in Serum or Plasma"
    }],
    "text" : "Urea-blood (BUN)"
  },
  "subject" : {
    "reference" : "Patient/90",
    "type" : "Patient",
    "identifier" : {
      "system" : "http://fhir.health.gov.il/identifier/il-national-id",
      "value" : "123456789"
    }
  },
  "effectiveDateTime" : "2023-04-03T11:32:38+03:00",
  "issued" : "2023-04-03T11:37:58.54+03:00",
  "performer" : [{
    "type" : "Organization",
    "identifier" : {
      "system" : "http://fhir.meuhedet.co.il/laboratories",
      "value" : "73D01"
    },
    "display" : "קופת חולים מאוחדת"
  }],
  "valueQuantity" : {
    "value" : 92,
    "unit" : "MG/DL",
    "system" : "http://unitsofmeasure.org",
    "code" : "Mg/dl"
  },
  "referenceRange" : [{
    "low" : {
      "value" : 8,
      "system" : "http://unitsofmeasure.org",
      "code" : "Mg/dl"
    },
    "high" : {
      "value" : 23.5,
      "system" : "http://unitsofmeasure.org",
      "code" : "Mg/dl"
    }
  }]
}