{
  "resourceType" : "Observation",
  "id" : "4015",
  "meta" : {
    "versionId" : "2",
    "lastUpdated" : "2023-08-27T09:39:46.233+00:00",
    "source" : "#tnJ7qa6sjx4e7A1m",
    "profile" : ["http://outburn.co.il/fhir/oncology/StructureDefinition/lrc-panel-lab-test-result"]
  },
  "text" : {
    "status" : "generated",
    "div" : "<div xmlns=\"http://www.w3.org/1999/xhtml\"><p><b>Generated Narrative: Observation</b><a name=\"4015\"> </a></p><div style=\"display: inline-block; background-color: #d9e0e7; padding: 6px; margin: 4px; border: 1px solid #8da1b4; border-radius: 5px; line-height: 60%\"><p style=\"margin-bottom: 0px\">Resource Observation &quot;4015&quot; Version &quot;2&quot; Updated &quot;2023-08-27 09:39:46+0000&quot; </p><p style=\"margin-bottom: 0px\">Information Source: #tnJ7qa6sjx4e7A1m!</p><p style=\"margin-bottom: 0px\">Profile: <a href=\"StructureDefinition-lrc-panel-result.html\">Lrc Panel Lab Test Result</a></p></div><p><b>identifier</b>: <code>http://fhir.meuhedet.co.il/identifier/profile-lab-result</code>/1304421043-20230517-600-3231</p><p><b>basedOn</b>: <a href=\"ServiceRequest-4014.html\">ServiceRequest/4014</a></p><p><b>status</b>: final</p><p><b>category</b>: Laboratory <span style=\"background: LightGoldenRodYellow; margin: 4px; border: 1px solid khaki\"> (<a href=\"http://terminology.hl7.org/5.0.0/CodeSystem-observation-category.html\">Observation Category Codes</a>#laboratory)</span></p><p><b>code</b>: CBC <span style=\"background: LightGoldenRodYellow; margin: 4px; border: 1px solid khaki\"> (<a href=\"https://loinc.org/\">LOINC</a>#57021-8 &quot;CBC W Auto Differential panel - Blood&quot;; <a href=\"CodeSystem-meuhedet-lab-result-code.html\">Meuhedet Lab Result Code</a>#600)</span></p><p><b>subject</b>: <a href=\"https://simplifier.net/resolve?scope=il.core.fhir.r4@0.13.2&amp;canonical=http://fhir.health.gov.il/Patient/90\">Patient/90</a></p><p><b>effective</b>: 2023-08-02 13:15:32+0300</p><p><b>issued</b>: May 17, 2023, 9:31:19\u202fAM</p><p><b>performer</b>: <span>: קופת חולים מאוחדת</span></p><p><b>hasMember</b>: </p><ul><li><span><code>http://fhir.meuhedet.co.il/identifier/lab-result</code>/CBC-1001</span></li><li><span><code>http://fhir.meuhedet.co.il/identifier/lab-result</code>/CBC-1002</span></li><li><span><code>http://fhir.meuhedet.co.il/identifier/lab-result</code>/CBC-1003</span></li><li><span><code>http://fhir.meuhedet.co.il/identifier/lab-result</code>/CBC-1004</span></li></ul></div>"
  },
  "identifier" : [{
    "system" : "http://fhir.meuhedet.co.il/identifier/profile-lab-result",
    "value" : "1304421043-20230517-600-3231"
  }],
  "basedOn" : [{
    "reference" : "ServiceRequest/4014",
    "type" : "ServiceRequest"
  }],
  "status" : "final",
  "category" : [{
    "coding" : [{
      "system" : "http://terminology.hl7.org/CodeSystem/observation-category",
      "code" : "laboratory",
      "display" : "Laboratory"
    }]
  }],
  "code" : {
    "coding" : [{
      "system" : "http://loinc.org",
      "code" : "57021-8",
      "display" : "CBC W Auto Differential panel - Blood"
    },
    {
      "system" : "http://fhir.meuhedet.co.il/code/lab-result",
      "code" : "600",
      "display" : "CBC"
    }],
    "text" : "CBC"
  },
  "subject" : {
    "reference" : "Patient/90",
    "type" : "Patient",
    "identifier" : {
      "system" : "http://fhir.health.gov.il/identifier/il-national-id",
      "value" : "000000018"
    }
  },
  "effectiveDateTime" : "2023-08-02T13:15:32+03:00",
  "issued" : "2023-05-17T09:31:19.773+03:00",
  "performer" : [{
    "type" : "Organization",
    "identifier" : {
      "system" : "http://fhir.meuhedet.co.il/laboratories",
      "value" : "73D01"
    },
    "display" : "קופת חולים מאוחדת"
  }],
  "hasMember" : [{
    "type" : "Observation",
    "identifier" : {
      "system" : "http://fhir.meuhedet.co.il/identifier/lab-result",
      "value" : "CBC-1001"
    }
  },
  {
    "type" : "Observation",
    "identifier" : {
      "system" : "http://fhir.meuhedet.co.il/identifier/lab-result",
      "value" : "CBC-1002"
    }
  },
  {
    "type" : "Observation",
    "identifier" : {
      "system" : "http://fhir.meuhedet.co.il/identifier/lab-result",
      "value" : "CBC-1003"
    }
  },
  {
    "type" : "Observation",
    "identifier" : {
      "system" : "http://fhir.meuhedet.co.il/identifier/lab-result",
      "value" : "CBC-1004"
    }
  }]
}