{
  "resourceType" : "Observation",
  "id" : "3913",
  "meta" : {
    "versionId" : "7",
    "lastUpdated" : "2023-10-04T09:27:05.999+00:00",
    "source" : "#CXTriCjJj443IxeB",
    "profile" : ["http://outburn.co.il/fhir/oncology/StructureDefinition/lrc-onco-result"]
  },
  "text" : {
    "status" : "generated",
    "div" : "<div xmlns=\"http://www.w3.org/1999/xhtml\"><p><b>Generated Narrative: Observation</b><a name=\"3913\"> </a></p><div style=\"display: inline-block; background-color: #d9e0e7; padding: 6px; margin: 4px; border: 1px solid #8da1b4; border-radius: 5px; line-height: 60%\"><p style=\"margin-bottom: 0px\">Resource Observation &quot;3913&quot; Version &quot;7&quot; Updated &quot;2023-10-04 09:27:05+0000&quot; </p><p style=\"margin-bottom: 0px\">Information Source: #CXTriCjJj443IxeB!</p><p style=\"margin-bottom: 0px\">Profile: <a href=\"StructureDefinition-lrc-result.html\">Lrc Test Result</a></p></div><p><b>identifier</b>: <code>http://fhir.meuhedet.co.il/identifier/lab-result</code>/1121991-20230403-100-733-1</p><p><b>basedOn</b>: <a href=\"ServiceRequest-3906.html\">ServiceRequest/3906</a></p><p><b>status</b>: final</p><p><b>category</b>: Laboratory <span style=\"background: LightGoldenRodYellow; margin: 4px; border: 1px solid khaki\"> (<a href=\"http://terminology.hl7.org/5.0.0/CodeSystem-observation-category.html\">Observation Category Codes</a>#laboratory)</span></p><p><b>code</b>: Glucose <span style=\"background: LightGoldenRodYellow; margin: 4px; border: 1px solid khaki\"> (<a href=\"https://loinc.org/\">LOINC</a>#2345-7 &quot;Glucose [Mass/volume] in Serum or Plasma&quot;)</span></p><p><b>subject</b>: <a href=\"https://simplifier.net/resolve?scope=il.core.fhir.r4@0.13.2&amp;canonical=http://fhir.health.gov.il/Patient/90\">Patient/90</a></p><p><b>effective</b>: 2023-04-03 11:32:38+0300</p><p><b>issued</b>: Apr 3, 2023, 11:37:58\u202fAM</p><p><b>performer</b>: <span>: קופת חולים מאוחדת</span></p><p><b>value</b>: 84 MG/DL<span style=\"background: LightGoldenRodYellow\"> (Details: UCUM code Mg/dl = 'Mg/dl')</span></p><h3>ReferenceRanges</h3><table class=\"grid\"><tr><td style=\"display: none\">-</td><td><b>Low</b></td><td><b>High</b></td></tr><tr><td style=\"display: none\">*</td><td>65 Mg/dl<span style=\"background: LightGoldenRodYellow\"> (Details: UCUM code Mg/dl = 'Mg/dl')</span></td><td>100 Mg/dl<span style=\"background: LightGoldenRodYellow\"> (Details: UCUM code Mg/dl = 'Mg/dl')</span></td></tr></table><blockquote><p><b>component</b></p><p><b>code</b>: תוצאת הבדיקה בטקסט חופשי <span style=\"background: LightGoldenRodYellow; margin: 4px; border: 1px solid khaki\"> (<a href=\"https://browser.ihtsdotools.org/\">SNOMED CT</a>#117444000 &quot;Text value&quot;)</span></p><p><b>value</b>: מעל 1.7</p></blockquote><blockquote><p><b>component</b></p><p><b>code</b>: תוצאת הבדיקה בקוד מקומי <span style=\"background: LightGoldenRodYellow; margin: 4px; border: 1px solid khaki\"> (<a href=\"https://browser.ihtsdotools.org/\">SNOMED CT</a>#117362005 &quot;Nominal value&quot;)</span></p><p><b>value</b>: חיובי <span style=\"background: LightGoldenRodYellow; margin: 4px; border: 1px solid khaki\"> (<a href=\"CodeSystem-meuhedet-lab-result-code.html\">Meuhedet Lab Result Code</a>#POS)</span></p></blockquote></div>"
  },
  "identifier" : [{
    "system" : "http://fhir.meuhedet.co.il/identifier/lab-result",
    "value" : "1121991-20230403-100-733-1"
  }],
  "basedOn" : [{
    "reference" : "ServiceRequest/3906",
    "type" : "ServiceRequest"
  }],
  "status" : "final",
  "category" : [{
    "coding" : [{
      "system" : "http://terminology.hl7.org/CodeSystem/observation-category",
      "code" : "laboratory",
      "display" : "Laboratory"
    }]
  }],
  "code" : {
    "coding" : [{
      "system" : "http://loinc.org",
      "code" : "2345-7",
      "display" : "Glucose [Mass/volume] in Serum or Plasma"
    }],
    "text" : "Glucose"
  },
  "subject" : {
    "reference" : "Patient/90",
    "type" : "Patient",
    "identifier" : {
      "system" : "http://fhir.health.gov.il/identifier/il-national-id",
      "value" : "000000018"
    }
  },
  "effectiveDateTime" : "2023-04-03T11:32:38+03:00",
  "issued" : "2023-04-03T11:37:58.54+03:00",
  "performer" : [{
    "type" : "Organization",
    "identifier" : {
      "system" : "http://fhir.meuhedet.co.il/laboratories",
      "value" : "73D01"
    },
    "display" : "קופת חולים מאוחדת"
  }],
  "valueQuantity" : {
    "value" : 84,
    "unit" : "MG/DL",
    "system" : "http://unitsofmeasure.org",
    "code" : "Mg/dl"
  },
  "referenceRange" : [{
    "low" : {
      "value" : 65,
      "system" : "http://unitsofmeasure.org",
      "code" : "Mg/dl"
    },
    "high" : {
      "value" : 100,
      "system" : "http://unitsofmeasure.org",
      "code" : "Mg/dl"
    }
  }],
  "component" : [{
    "code" : {
      "coding" : [{
        "system" : "http://snomed.info/sct",
        "code" : "117444000",
        "display" : "Text value"
      }],
      "text" : "תוצאת הבדיקה בטקסט חופשי"
    },
    "valueString" : "מעל 1.7"
  },
  {
    "code" : {
      "coding" : [{
        "system" : "http://snomed.info/sct",
        "code" : "117362005",
        "display" : "Nominal value"
      }],
      "text" : "תוצאת הבדיקה בקוד מקומי"
    },
    "valueCodeableConcept" : {
      "coding" : [{
        "system" : "http://fhir.meuhedet.co.il/code/lab-result",
        "code" : "POS",
        "display" : "חיובי"
      }]
    }
  }]
}