{
  "resourceType" : "ServiceRequest",
  "id" : "4014",
  "meta" : {
    "versionId" : "2",
    "lastUpdated" : "2023-08-27T07:49:17.886+00:00",
    "profile" : ["http://outburn.co.il/fhir/oncology/StructureDefinition/lrc-onco-referral"]
  },
  "text" : {
    "status" : "generated",
    "div" : "<div xmlns=\"http://www.w3.org/1999/xhtml\"><p><b>Generated Narrative: ServiceRequest</b><a name=\"4014\"> </a></p><div style=\"display: inline-block; background-color: #d9e0e7; padding: 6px; margin: 4px; border: 1px solid #8da1b4; border-radius: 5px; line-height: 60%\"><p style=\"margin-bottom: 0px\">Resource ServiceRequest &quot;4014&quot; Version &quot;2&quot; Updated &quot;2023-08-27 07:49:17+0000&quot; </p><p style=\"margin-bottom: 0px\">Profile: <a href=\"StructureDefinition-lrc-onco-referral.html\">Lrc Hospital-Community Oncology Related Lab Test Referral</a></p></div><p><b>identifier</b>: <code>http://fhir.meuhedet.co.il/identifier/referral-id</code>/733-201</p><p><b>requisition</b>: 21e40433-dec3-43d2-8183-c0badc5d2116</p><p><b>status</b>: active</p><p><b>intent</b>: order</p><p><b>category</b>: Laboratory procedure <span style=\"background: LightGoldenRodYellow; margin: 4px; border: 1px solid khaki\"> (<a href=\"https://browser.ihtsdotools.org/\">SNOMED CT</a>#108252007)</span></p><p><b>priority</b>: urgent</p><p><b>code</b>: CBC W Auto Differential panel - Blood <span style=\"background: LightGoldenRodYellow; margin: 4px; border: 1px solid khaki\"> (<a href=\"https://loinc.org/\">LOINC</a>#57021-8)</span></p><p><b>subject</b>: <a href=\"https://simplifier.net/resolve?scope=il.core.fhir.r4@0.13.2&amp;canonical=http://fhir.health.gov.il/Patient/90\">Patient/90</a></p><p><b>authoredOn</b>: 2023-04-03 11:32:38+0300</p><p><b>requester</b>: <span>: מרכז רפואי ע&quot;ש ד&quot;ר ח. שיבא, תל-השומר</span></p><p><b>note</b>: הפניה אוטומטית משיבא לצורך טיפול באשפוז יום אונקולוגי</p></div>"
  },
  "identifier" : [{
    "system" : "http://fhir.meuhedet.co.il/identifier/referral-id",
    "value" : "733-201"
  }],
  "requisition" : {
    "value" : "21e40433-dec3-43d2-8183-c0badc5d2116"
  },
  "status" : "active",
  "intent" : "order",
  "category" : [{
    "coding" : [{
      "system" : "http://snomed.info/sct",
      "code" : "108252007",
      "display" : "Laboratory procedure"
    }]
  }],
  "priority" : "urgent",
  "code" : {
    "coding" : [{
      "system" : "http://loinc.org",
      "code" : "57021-8",
      "display" : "CBC W Auto Differential panel - Blood"
    }]
  },
  "subject" : {
    "reference" : "Patient/90",
    "type" : "Patient",
    "identifier" : {
      "system" : "http://fhir.health.gov.il/identifier/il-national-id",
      "value" : "000000018"
    }
  },
  "authoredOn" : "2023-04-03T11:32:38+03:00",
  "requester" : {
    "type" : "Organization",
    "identifier" : {
      "system" : "http://institutions.health.gov.il/Institutions",
      "value" : "01101"
    },
    "display" : "מרכז רפואי ע\"ש ד\"ר ח. שיבא, תל-השומר"
  },
  "note" : [{
    "text" : "הפניה אוטומטית משיבא לצורך טיפול באשפוז יום אונקולוגי"
  }]
}