{
  "resourceType" : "ServiceRequest",
  "id" : "3908",
  "text" : {
    "status" : "generated",
    "div" : "<div xmlns=\"http://www.w3.org/1999/xhtml\"><p><b>Generated Narrative: ServiceRequest</b><a name=\"3908\"> </a></p><div style=\"display: inline-block; background-color: #d9e0e7; padding: 6px; margin: 4px; border: 1px solid #8da1b4; border-radius: 5px; line-height: 60%\"><p style=\"margin-bottom: 0px\">Resource ServiceRequest &quot;3908&quot; </p></div><p><b>identifier</b>: id:\u00a0733-103</p><p><b>requisition</b>: id:\u00a051ecd763-209e-4681-b19e-e3fcc1f1d1e4</p><p><b>status</b>: active</p><p><b>intent</b>: order</p><p><b>category</b>: Laboratory procedure <span style=\"background: LightGoldenRodYellow; margin: 4px; border: 1px solid khaki\"> (<a href=\"https://browser.ihtsdotools.org/\">SNOMED CT</a>#108252007)</span></p><p><b>priority</b>: urgent</p><p><b>code</b>: Calcium [Mass/volume] in Serum or Plasma <span style=\"background: LightGoldenRodYellow; margin: 4px; border: 1px solid khaki\"> (<a href=\"https://loinc.org/\">LOINC</a>#17861-6)</span></p><p><b>subject</b>: <a href=\"https://simplifier.net/resolve?scope=il.core.fhir.r4@0.13.2&amp;canonical=http://fhir.health.gov.il/Patient/90\">Patient/90</a></p><p><b>authoredOn</b>: 2023-04-03 11:32:38+0300</p><p><b>requester</b>: <span>: מרכז רפואי ע&quot;ש ד&quot;ר ח. שיבא, תל-השומר</span></p><p><b>note</b>: הפניה אוטומטית משיבא לצורך טיפול באשפוז יום אונקולוגי</p></div>"
  },
  "identifier" : [{
    "system" : "http://fhir.meuhedet.co.il/identifier/referral-id",
    "value" : "733-103"
  }],
  "requisition" : {
    "value" : "51ecd763-209e-4681-b19e-e3fcc1f1d1e4"
  },
  "status" : "active",
  "intent" : "order",
  "category" : [{
    "coding" : [{
      "system" : "http://snomed.info/sct",
      "code" : "108252007",
      "display" : "Laboratory procedure"
    }]
  }],
  "priority" : "urgent",
  "code" : {
    "coding" : [{
      "system" : "http://loinc.org",
      "code" : "17861-6",
      "display" : "Calcium [Mass/volume] in Serum or Plasma"
    }]
  },
  "subject" : {
    "reference" : "Patient/90",
    "type" : "Patient",
    "identifier" : {
      "system" : "http://fhir.health.gov.il/identifier/il-national-id",
      "value" : "123456789"
    }
  },
  "authoredOn" : "2023-04-03T11:32:38+03:00",
  "requester" : {
    "type" : "Organization",
    "identifier" : {
      "system" : "http://institutions.health.gov.il/Institutions",
      "value" : "01101"
    },
    "display" : "מרכז רפואי ע\"ש ד\"ר ח. שיבא, תל-השומר"
  },
  "note" : [{
    "text" : "הפניה אוטומטית משיבא לצורך טיפול באשפוז יום אונקולוגי"
  }]
}