{
  "resourceType" : "ServiceRequest",
  "id" : "lrec-referral-sheba-to-ambulatory-care",
  "meta" : {
    "profile" : ["http://ig.fhir-il-community.org/LRC/StructureDefinition/lrc-referral"]
  },
  "text" : {
    "status" : "generated",
    "div" : "<div xmlns=\"http://www.w3.org/1999/xhtml\">הפניה אוטומטית משיבא עבור טיפול באשפוז יום אונקולוגי</div>"
  },
  "identifier" : [{
    "system" : "urn:ietf:rfc:3986",
    "value" : "urn:uuid:8b241910-061d-495b-b44e-43f8639c7433"
  },
  {
    "system" : "http://fhir.meuhedet.co.il/identifier/referral-id",
    "value" : "733-102"
  }],
  "requisition" : {
    "value" : "51ecd763-209e-4681-b19e-e3fcc1f1d1e4"
  },
  "status" : "active",
  "intent" : "order",
  "category" : [{
    "coding" : [{
      "system" : "http://snomed.info/sct",
      "code" : "108252007",
      "display" : "Laboratory procedure"
    }]
  }],
  "priority" : "urgent",
  "code" : {
    "coding" : [{
      "system" : "http://loinc.org",
      "code" : "3094-0",
      "display" : "Urea nitrogen [Mass/volume] in Serum or Plasma"
    }]
  },
  "subject" : {
    "reference" : "http://hapi-fhir.outburn.co.il/fhir/Patient/90",
    "type" : "Patient",
    "identifier" : {
      "system" : "http://fhir.health.gov.il/identifier/il-national-id",
      "value" : "000000018"
    }
  },
  "authoredOn" : "2023-04-03T11:32:38+03:00",
  "requester" : {
    "type" : "Organization",
    "identifier" : {
      "system" : "http://institutions.health.gov.il/Institutions",
      "value" : "01101"
    },
    "display" : "מרכז רפואי ע\"ש ד\"ר ח. שיבא, תל-השומר"
  },
  "note" : [{
    "text" : "הפניה אוטומטית משיבא לצורך טיפול באשפוז יום אונקולוגי"
  }]
}